PUBLISHER,URL
The Hill,http://thehill.com/policy/healthcare/332217-cruz-senate-failure-to-pass-healthcare-bill-could-be-catastrophic&sa=U&ved=0ahUKEwi9mvCJzd7TAhUC3YMKHZdaAhAQqQIIFCgAMAA&usg=AFQjCNFl_XrLuwOTbZh6ptfToDUF3rwD6w
CNBC,http://www.cnbc.com/2017/05/05/why-60-percent-of-small-business-owners-want-obamacare-repealed.html&sa=U&ved=0ahUKEwi9mvCJzd7TAhUC3YMKHZdaAhAQqQIIHSgAMAE&usg=AFQjCNFrexRzJp2QVx7rZ4mDDExPvJc9Hw
The Hill,http://thehill.com/policy/healthcare/332282-feinstein-slams-group-of-all-male-senators-working-on-obamacare-repeal&sa=U&ved=0ahUKEwi9mvCJzd7TAhUC3YMKHZdaAhAQqQIIJCgAMAI&usg=AFQjCNG37niNkqXrOOnbbnuPh4KzVw_sDg
TPM,http://talkingpointsmemo.com/livewire/justin-amash-obamacare-repeal-not-the-bill-gop-promised&sa=U&ved=0ahUKEwi9mvCJzd7TAhUC3YMKHZdaAhAQqQIIJygAMAM&usg=AFQjCNFZsRXAv9MmAJTMoZtMxRAII0F_Pg
The Hill,http://thehill.com/policy/healthcare/332254-buffett-obamacare-repeal-bill-a-huge-tax-cut-for-guys-like-me&sa=U&ved=0ahUKEwi9mvCJzd7TAhUC3YMKHZdaAhAQqQIIKigAMAQ&usg=AFQjCNHP3Vc8K1M1lr654bFlttfdqU93Kg
TheBlaze.com,http://www.theblaze.com/news/2017/05/06/liberals-mock-obamacare-repeal-with-thingsjesusneversaid-then-conservatives-hit-back-hard/&sa=U&ved=0ahUKEwi9mvCJzd7TAhUC3YMKHZdaAhAQqQIILygAMAU&usg=AFQjCNHBBhXBvvO--v0VKJyjeuC83D_ERQ
The Hill,http://thehill.com/policy/healthcare/332218-dem-rep-obamacare-repeal-vote-an-assault-on-working-americans&sa=U&ved=0ahUKEwi9mvCJzd7TAhUC3YMKHZdaAhAQqQIIMigAMAY&usg=AFQjCNFBfLvU0m-bLjck5qu0ysdJOKIzqw
CNN,http://www.cnn.com/2017/05/04/politics/joe-biden-hillary-clinton-health-care-response/&sa=U&ved=0ahUKEwi9mvCJzd7TAhUC3YMKHZdaAhAQqQIINSgAMAc&usg=AFQjCNG95VftW7GukkqhhkGvFIGu_8SoJA
The Hill,http://thehill.com/policy/healthcare/332186-new-york-ag-warns-ill-sue-if-senate-passes-obamacare-repeal&sa=U&ved=0ahUKEwi9mvCJzd7TAhUC3YMKHZdaAhAQqQIIOCgAMAg&usg=AFQjCNEBd5IBV1WeBWkqw5UJLHRcdfGk5A
The Hill,http://thehill.com/policy/healthcare/331881-obamacare-repeal-plan-could-remove-protections-for-people-on-employer&sa=U&ved=0ahUKEwi9mvCJzd7TAhUC3YMKHZdaAhAQqQIIPSgAMAk&usg=AFQjCNE19pCym2kB0omL6ko-Rsmg38W0NQ
CNN,http://www.cnn.com/2017/05/04/opinions/healthcare-repeal-vote-tasini-opinion/&sa=U&ved=0ahUKEwjy_Y-Kzd7TAhVIxoMKHTF5D-84ChCpAggUKAAwAA&usg=AFQjCNHZbCim4TV59u_qCcnBRLr0j7iyyQ
Indianapolis Star,http://www.indystar.com/story/news/politics/2017/05/04/obamacare-repeal-likely-factor-into-indianas-senate-race/101296264/&sa=U&ved=0ahUKEwjy_Y-Kzd7TAhVIxoMKHTF5D-84ChCpAggXKAAwAQ&usg=AFQjCNHstJJojd0GQShz5M4IRD5s0NK5zQ
The Hill (blog),http://thehill.com/blogs/ballot-box/332177-trump-attacks-news-media-over-negative-obamacare-repeal-coverage&sa=U&ved=0ahUKEwjy_Y-Kzd7TAhVIxoMKHTF5D-84ChCpAggcKAAwAg&usg=AFQjCNG88no4foNrGzzTvZe2lQ8MshfdFQ
Greenville News,http://www.greenvilleonline.com/story/news/health/2017/05/04/graham-planned-parenthood-respond-house-appeal-obamacare/101296374/&sa=U&ved=0ahUKEwjy_Y-Kzd7TAhVIxoMKHTF5D-84ChCpAggfKAAwAw&usg=AFQjCNGxHw7lo_xX4oxoLj5GYMi3I0nkJQ
TheBlaze.com,https://www.theblaze.com/news/2017/05/07/cecile-richards-tries-to-slam-gop-as-sexist-over-obamacare-repeal-but-it-backfires-big-time/&sa=U&ved=0ahUKEwjy_Y-Kzd7TAhVIxoMKHTF5D-84ChCpAggiKAAwBA&usg=AFQjCNGJh9Qq9-Xrb2Ed766QyLtk7fKoEQ
CNN,http://www.cnn.com/2017/05/04/opinions/obamacare-repeal-hands-wealthy-even-more-of-a-tax-break-mccaffery/&sa=U&ved=0ahUKEwjy_Y-Kzd7TAhVIxoMKHTF5D-84ChCpAgglKAAwBQ&usg=AFQjCNEH7xJUg9Pz5x83Swnlup7YpMHsvg
TheBlaze.com,https://www.theblaze.com/news/2017/05/07/lawrence-jones-eviscerates-wanda-skyes-democrats-for-labeling-obamacare-repeal-effort-racist/&sa=U&ved=0ahUKEwjy_Y-Kzd7TAhVIxoMKHTF5D-84ChCpAggqKAAwBg&usg=AFQjCNFvSLwSt-4Sg6YgsAUiKChyGEf2LQ
The Hill (blog),http://thehill.com/blogs/blog-briefing-room/332121-list-of-senators-working-on-obamacare-repeal-includes-no-women&sa=U&ved=0ahUKEwjy_Y-Kzd7TAhVIxoMKHTF5D-84ChCpAggtKAAwBw&usg=AFQjCNGyGJyR-DmeoNyhsNFcKc9QqmCduA
The Hill,http://thehill.com/homenews/campaign/332016-dem-group-raises-400k-to-challenge-gop-reps-who-voted-for-obamacare-repeal&sa=U&ved=0ahUKEwjy_Y-Kzd7TAhVIxoMKHTF5D-84ChCpAggwKAAwCA&usg=AFQjCNF8kOZ2j_5l5IZdKSa9_OQfL-vCMg
The Hill,http://thehill.com/policy/healthcare/health-reform-implementation/332048-virginia-gov-on-gop-health-bill-people-are&sa=U&ved=0ahUKEwjy_Y-Kzd7TAhVIxoMKHTF5D-84ChCpAggzKAAwCQ&usg=AFQjCNGkjV8wdZGe2QDbFj6IB9RVXhBsSg
Fox News Insider,http://insider.foxnews.com/2017/05/07/kurt-eichenwald-hope-republicans-see-people-die-obamacare-replacement-ahca&sa=U&ved=0ahUKEwjIs76Kzd7TAhWL64MKHeUWCRw4FBCpAggUKAAwAA&usg=AFQjCNEEyllC9brQuOold9Zix-OHmMUhfA
Chicago Tribune,http://www.chicagotribune.com/news/local/politics/ct-illinois-congress-health-care-vote-20170504-story.html&sa=U&ved=0ahUKEwjIs76Kzd7TAhWL64MKHeUWCRw4FBCpAggZKAAwAQ&usg=AFQjCNH-EukH6t3oxW1-eGaGTCnuafudKQ
NJ.com,http://www.nj.com/politics/index.ssf/2017/05/2_nj_lawmakers_may_face_tougher_races_after_obamac.html&sa=U&ved=0ahUKEwjIs76Kzd7TAhWL64MKHeUWCRw4FBCpAggcKAAwAg&usg=AFQjCNFeTFjnO-e3kNIZTzr20MSnJV-utA
Hot Air,http://hotair.com/archives/2017/05/06/gov-scott-walker-confronted-democrat-obamacare-repeal/&sa=U&ved=0ahUKEwjIs76Kzd7TAhWL64MKHeUWCRw4FBCpAggfKAAwAw&usg=AFQjCNEVrTP7Ik_pGZZs163UhZdl_lpuxw
RealClearPolitics,http://www.realclearpolitics.com/video/2017/05/07/karl_rove_debates_jonathan_gruber_about_obamacare_repeal_.html&sa=U&ved=0ahUKEwjIs76Kzd7TAhWL64MKHeUWCRw4FBCpAggiKAAwBA&usg=AFQjCNHGD_MdC4RRv-OLgNMftjIvxltmQw
The Hill (blog),http://thehill.com/blogs/floor-action/senate/332034-dem-senator-im-open-to-repealing-replacing-obamacare&sa=U&ved=0ahUKEwjIs76Kzd7TAhWL64MKHeUWCRw4FBCpAgglKAAwBQ&usg=AFQjCNFCY-2ijMcbrZUkFaLBY_G28AzfvQ
The Hill,http://thehill.com/policy/healthcare/331784-pelosi-new-obamacare-repeal-bill-is-a-a-very-sad-deadly-joke&sa=U&ved=0ahUKEwjIs76Kzd7TAhWL64MKHeUWCRw4FBCpAggoKAAwBg&usg=AFQjCNEFinlT8V60SF5DofzdtjheiHPeyA
The Hill,http://thehill.com/policy/healthcare/health-reform-implementation/331919-perez-on-obamacare-trump-will-own-every&sa=U&ved=0ahUKEwjIs76Kzd7TAhWL64MKHeUWCRw4FBCpAggrKAAwBw&usg=AFQjCNHTxUn2hsjYBVJqquRfPjGrwxB9Mg
The Hill (blog),http://thehill.com/blogs/floor-action/senate/332072-gop-senator-obamacare-repeal-must-pass-jimmy-kimmel-test&sa=U&ved=0ahUKEwjIs76Kzd7TAhWL64MKHeUWCRw4FBCpAgguKAAwCA&usg=AFQjCNEmP07QjtX7UrOozJLK10KWMJF82w
RealClearPolitics,http://www.realclearpolitics.com/articles/2017/05/05/5_takeaways_from_the_gops_obamacare_repeal_vote_133802.html&sa=U&ved=0ahUKEwjIs76Kzd7TAhWL64MKHeUWCRw4FBCpAgg0KAAwCQ&usg=AFQjCNHrdrl_wJM3e33HlxdbEYFCI4mzMA
Washington Examiner,http://www.washingtonexaminer.com/susan-collins-more-questions-than-answers-about-obamacare-repeal-consequences/article/2622185&sa=U&ved=0ahUKEwi-rtyKzd7TAhVH6IMKHVm8BSI4HhCpAggUKAAwAA&usg=AFQjCNHe6mUZUG3ZLCbm7P38p4YB-k7VNQ
Business Insider,http://www.businessinsider.com/aetna-virginia-medica-iowa-obamacare-repeal-ahca-2017-5&sa=U&ved=0ahUKEwi-rtyKzd7TAhVH6IMKHVm8BSI4HhCpAggXKAAwAQ&usg=AFQjCNG1wHoV9moi3myg7XCzqJWehlwxcw
Seven Days,https://www.sevendaysvt.com/OffMessage/archives/2017/05/04/welch-votes-hell-no-on-obamacare-repeal&sa=U&ved=0ahUKEwi-rtyKzd7TAhVH6IMKHVm8BSI4HhCpAggaKAAwAg&usg=AFQjCNEdiX2xrtJHksa6-2O3PhUJls3EbQ
Los Angeles Times,http://www.latimes.com/opinion/readersreact/la-ol-le-healthcare-obamacare-repeal-20170504-story.html&sa=U&ved=0ahUKEwi-rtyKzd7TAhVH6IMKHVm8BSI4HhCpAggdKAAwAw&usg=AFQjCNEcwnRD5F8sJ-usdCwSS_vKTvXCFw
Washington Examiner,http://www.washingtonexaminer.com/pence-obamacare-repeal-a-defining-victory-for-life/article/2622086&sa=U&ved=0ahUKEwi-rtyKzd7TAhVH6IMKHVm8BSI4HhCpAgggKAAwBA&usg=AFQjCNFMUqKO_hhxyxCyn_X_55VKEIy-Og
The Hill (blog),http://thehill.com/blogs/blog-briefing-room/331964-obamas-white-house-photographer-trolls-gops-obamacare-repeal&sa=U&ved=0ahUKEwi-rtyKzd7TAhVH6IMKHVm8BSI4HhCpAgglKAAwBQ&usg=AFQjCNGukWraN559_y57h26n8ga5RYHuVw
Breitbart News,http://www.breitbart.com/big-government/2017/05/03/hayward-9-vital-principles-for-obamacare-repeal/&sa=U&ved=0ahUKEwi-rtyKzd7TAhVH6IMKHVm8BSI4HhCpAggoKAAwBg&usg=AFQjCNFpd-P45w0XlkE0Szubojs7VsnNHg
Charlotte Observer,http://www.charlotteobserver.com/news/local/article148812109.html&sa=U&ved=0ahUKEwi-rtyKzd7TAhVH6IMKHVm8BSI4HhCpAgguKAAwBw&usg=AFQjCNF81kJK_I5fd0jPSFaeadj98gs6vA
Washington Examiner,http://www.washingtonexaminer.com/democrats-recoil-at-plan-to-vote-on-obamacare-repeal/article/2622084&sa=U&ved=0ahUKEwi-rtyKzd7TAhVH6IMKHVm8BSI4HhCpAggxKAAwCA&usg=AFQjCNHgjD_zjr0Oref_5u_XH5p9UovUKA
Concord Monitor,http://www.concordmonitor.com/sununu-shifts-stance-on-republican-health-care-bill-9695102&sa=U&ved=0ahUKEwi-rtyKzd7TAhVH6IMKHVm8BSI4HhCpAgg0KAAwCQ&usg=AFQjCNFcDpv3pJfciP2126AJQWF7qtpPxg
AOL,https://www.aol.com/article/news/2017/05/03/trump-courts-moderates-scrambles-head-off-obamacare-repeal-defeat/22067501/&sa=U&ved=0ahUKEwiE9YSLzd7TAhXIx4MKHQlGCmc4KBCpAggUKAAwAA&usg=AFQjCNHch2DX3a-vMzsZlWa-q7Pe1Lm71A
The Hill,http://thehill.com/homenews/media/331967-chuck-todd-gops-obamacare-repeal-celebration-is-premature&sa=U&ved=0ahUKEwiE9YSLzd7TAhXIx4MKHQlGCmc4KBCpAggdKAAwAQ&usg=AFQjCNEtgz182hJdk0If10VTHwTjPuiDew
wwlp.com,http://wwlp.com/2017/05/05/lawmakers-worried-about-effects-of-obamacare-repeal/&sa=U&ved=0ahUKEwiE9YSLzd7TAhXIx4MKHQlGCmc4KBCpAgggKAAwAg&usg=AFQjCNGQWDm9bzoLRSlfYh0PAWBnwCh1pw
MassLive.com,http://www.masslive.com/news/index.ssf/2017/05/us_rep_jim_mcgovern_pathetic_o.html&sa=U&ved=0ahUKEwiE9YSLzd7TAhXIx4MKHQlGCmc4KBCpAggjKAAwAw&usg=AFQjCNHTDom00-FUtko2KHFM96VSARkR1A
Townhall,https://townhall.com/tipsheet/mattvespa/2017/05/06/fake-news-the-white-house-repeal-obamacare-kegger-that-never-happened-n2323119&sa=U&ved=0ahUKEwiE9YSLzd7TAhXIx4MKHQlGCmc4KBCpAggmKAAwBA&usg=AFQjCNE41I9LS3MfsQEExz-3UX9pDOgMAg
Power Line (blog),http://www.powerlineblog.com/archives/2017/05/obamacare-repeal-means-a-major-tax-cut.php&sa=U&ved=0ahUKEwiE9YSLzd7TAhXIx4MKHQlGCmc4KBCpAggrKAAwBQ&usg=AFQjCNHvn-JinEAbz1Qn10lZYxsfS6MHKg
Washington Examiner,http://www.washingtonexaminer.com/liberal-comedian-wanda-sykes-says-gops-obamacare-repeal-efforts-are-rooted-in-racism/article/2622282&sa=U&ved=0ahUKEwiE9YSLzd7TAhXIx4MKHQlGCmc4KBCpAgguKAAwBg&usg=AFQjCNHdiTe2_jnEa-tGqhLp0wVxEB-kQg
Casper Star-Tribune Online,http://trib.com/news/state-and-regional/govt-and-politics/with-house-s-obamacare-repeal-more-people-may-enroll-in/article_745bdbff-3039-5bb6-85f3-266dc023cdd2.html&sa=U&ved=0ahUKEwiE9YSLzd7TAhXIx4MKHQlGCmc4KBCpAggxKAAwBw&usg=AFQjCNEdPUFgwC1_ht9YojfH2rzVc3JXBA
The Hill,http://thehill.com/policy/healthcare/331803-spicer-literally-impossible-to-predict-obamacare-repeal-bills-effects&sa=U&ved=0ahUKEwiE9YSLzd7TAhXIx4MKHQlGCmc4KBCpAgg0KAAwCA&usg=AFQjCNHPb9jtYbo11kWU1ocXntS7-Dn_jg
Washington Examiner,http://www.washingtonexaminer.com/protesters-chant-shame-on-you-at-republicans-leaving-capitol-after-obamacare-repeal-vote/article/2622151&sa=U&ved=0ahUKEwiE9YSLzd7TAhXIx4MKHQlGCmc4KBCpAgg5KAAwCQ&usg=AFQjCNEV16ISPjYtISX4l3yCMNlb4H0tSQ
Reno Gazette Journal,http://www.rgj.com/story/news/politics/2017/05/04/amodei-reportedly-flips-yes-obamacare-repeal/310604001/&sa=U&ved=0ahUKEwiZvKiLzd7TAhWH6oMKHYxQClo4MhCpAggUKAAwAA&usg=AFQjCNHSzvS0Vk0E0y6RX1R50zpzrjP8Yw
Los Angeles Times,http://www.latimes.com/politics/essential/la-pol-ca-essential-politics-updates-here-s-how-every-single-california-1493936772-htmlstory.html&sa=U&ved=0ahUKEwiZvKiLzd7TAhWH6oMKHYxQClo4MhCpAggZKAAwAQ&usg=AFQjCNGLm_q0zbPno7rjwqvkAqNosSshhw
The Tennessean,http://www.tennessean.com/story/news/2017/05/04/obamacare-repeal-vote-brings-out-strong-emotions-both-sides/101294754/&sa=U&ved=0ahUKEwiZvKiLzd7TAhWH6oMKHYxQClo4MhCpAggcKAAwAg&usg=AFQjCNFk376B7at07JF7NsprvfFGPpwbsQ
The Boston Globe,https://www.bostonglobe.com/opinion/2017/05/02/president-sisyphus-tries-once-again-repeal-obamacare/AGq9QY2azeNnVuIybrpD6N/story.html&sa=U&ved=0ahUKEwiZvKiLzd7TAhWH6oMKHYxQClo4MhCpAggfKAAwAw&usg=AFQjCNGl9yzSIZ6-g9yCwVY11LzsCiBEqg
My Fox Boston,http://www.fox25boston.com/news/live-updates-health-care-vote-in-the-house/519294558&sa=U&ved=0ahUKEwiZvKiLzd7TAhWH6oMKHYxQClo4MhCpAggiKAAwBA&usg=AFQjCNFmePANrz_6n1OVuX9ru6iuPneWtg
CNN,http://www.cnn.com/2017/05/04/politics/trump-us-australia-health-care/&sa=U&ved=0ahUKEwiZvKiLzd7TAhWH6oMKHYxQClo4MhCpAgglKAAwBQ&usg=AFQjCNEjYm3d3e_XjDsiRCLwn-1rRbTA5g
Sacramento Bee,http://www.sacbee.com/news/local/health-and-medicine/article148703944.html&sa=U&ved=0ahUKEwiZvKiLzd7TAhWH6oMKHYxQClo4MhCpAggqKAAwBg&usg=AFQjCNH52h4EF-pqLUuhZcuzNyuc2hILYA
The Hill,http://thehill.com/policy/healthcare/331136-obamacare-repeal-gop-seeks-new-gameplan&sa=U&ved=0ahUKEwiZvKiLzd7TAhWH6oMKHYxQClo4MhCpAggtKAAwBw&usg=AFQjCNHq6o7ysBwChUdHdVRIIUm-wkfnIg
Crain's Chicago Business,http://www.chicagobusiness.com/article/20170504/NEWS03/170509917/house-passes-obamacare-repeal&sa=U&ved=0ahUKEwiZvKiLzd7TAhWH6oMKHYxQClo4MhCpAggwKAAwCA&usg=AFQjCNFdvrCzdHyC1N0gyYNxxWg5ZZqfyg
Milwaukee Journal Sentinel,http://www.jsonline.com/story/news/politics/2017/05/04/house-obamacare-repeal-vote/101270118/&sa=U&ved=0ahUKEwiZvKiLzd7TAhWH6oMKHYxQClo4MhCpAgg1KAAwCQ&usg=AFQjCNGGho4oK0HThUsOXUjh-3xQuxU10g
New York Times,https://www.nytimes.com/2017/05/05/us/politics/reince-priebus-health-care.html&sa=U&ved=0ahUKEwihotmLzd7TAhVp2oMKHZFfCPg4PBCpAggUKAAwAA&usg=AFQjCNGGMuxdwJs95aKYvTPDcrVk-HFgAw
The Hill,http://thehill.com/homenews/house/330966-new-obamacare-repeal-bill-on-life-support&sa=U&ved=0ahUKEwihotmLzd7TAhVp2oMKHZFfCPg4PBCpAggXKAAwAQ&usg=AFQjCNEgUIuXffLMjW6DgOJoRsJ-GisNkg
Washington Examiner,http://www.washingtonexaminer.com/freedom-caucus-comes-to-save-obamacare-repeal-not-bury-it/article/2622204&sa=U&ved=0ahUKEwihotmLzd7TAhVp2oMKHZFfCPg4PBCpAgggKAAwAg&usg=AFQjCNF6XlTwrwSbX0UTzbjDka6jArrONQ
The Hill,http://thehill.com/policy/healthcare/332055-biden-on-obamacare-repeal-day-of-shame-in-congress&sa=U&ved=0ahUKEwihotmLzd7TAhVp2oMKHZFfCPg4PBCpAggjKAAwAw&usg=AFQjCNElZOsUTqVKTbXRE5eMp18UYIxu8A
Helena Independent Record,http://helenair.com/news/politics/state/gianforte-s-differing-comments-on-obamacare-repeal-illustrate-political-stakes/article_e68b1b36-ea08-55a9-8789-b103a87c03c3.html&sa=U&ved=0ahUKEwihotmLzd7TAhVp2oMKHZFfCPg4PBCpAggmKAAwBA&usg=AFQjCNEYKPW3nm2kswGyn4Ff9ndf99f8jA
New York Daily News,http://www.nydailynews.com/new-york/n-y-republicans-earful-backing-obamacare-repeal-article-1.3137785&sa=U&ved=0ahUKEwihotmLzd7TAhVp2oMKHZFfCPg4PBCpAggpKAAwBQ&usg=AFQjCNGO_SfWw9ikvBBBjSoNRbVIBdAa0Q
The San Gabriel Valley Tribune,http://www.sgvtribune.com/government-and-politics/20170505/californias-gop-congressmen-could-pay-politically-for-obamacare-repeal-vote&sa=U&ved=0ahUKEwihotmLzd7TAhVp2oMKHZFfCPg4PBCpAggsKAAwBg&usg=AFQjCNEAz7adDUxhXQs8rvxsv5naVgmC5g
Atlanta Journal Constitution,http://www.ajc.com/news/national/things-know-now-obamacare-repeal-kicked-off-plane-cinco-mayo-aaron-hernandez/akkpwGBkXPNoMMvVU0zsJL/&sa=U&ved=0ahUKEwihotmLzd7TAhVp2oMKHZFfCPg4PBCpAggvKAAwBw&usg=AFQjCNHJIU_MQmivJopDJAcFKS6mnP4daA
CNBC,http://www.cnbc.com/2017/05/06/health-act-repeal-threatens-to-strike-economys-engine.html&sa=U&ved=0ahUKEwihotmLzd7TAhVp2oMKHZFfCPg4PBCpAggyKAAwCA&usg=AFQjCNF5R0VrEuWXPHcgqYHjKKurOAJsvg
CNBC,http://www.cnbc.com/2017/05/04/republican-obamacare-replacement-bill-wins-enough-votes-to-pass-house.html&sa=U&ved=0ahUKEwihotmLzd7TAhVp2oMKHZFfCPg4PBCpAgg1KAAwCQ&usg=AFQjCNHIdYbPYqkpP6Uk9V4EgLTjiF_Jmg
The Mercury News,http://www.mercurynews.com/2017/05/04/california-congressmen-help-pass-obamacare-repeal-replacement/&sa=U&ved=0ahUKEwiX9YSMzd7TAhUm6YMKHWAjB0o4RhCpAggUKAAwAA&usg=AFQjCNHnyaTffxEZ-gXESVi1eRuPwEXFhA
Huffington Post,http://www.huffingtonpost.com/entry/donald-trump-health-care-bill_us_5906391fe4b02655f83e4733&sa=U&ved=0ahUKEwiX9YSMzd7TAhUm6YMKHWAjB0o4RhCpAggZKAAwAQ&usg=AFQjCNE3cD54qQgBOa8wAjm8t75OlKyAkw
Washington Examiner,http://www.washingtonexaminer.com/byron-york-why-cant-house-repeal-obamacare-because-a-lot-of-republicans-dont-want-to/article/2621543&sa=U&ved=0ahUKEwiX9YSMzd7TAhUm6YMKHWAjB0o4RhCpAggfKAAwAg&usg=AFQjCNHo8TQTNYaZkmj6pa_EmG_vT8o7CA
Washington Examiner,http://www.washingtonexaminer.com/next-week-do-or-die-for-obamacare-repeal/article/2621643&sa=U&ved=0ahUKEwiX9YSMzd7TAhUm6YMKHWAjB0o4RhCpAggoKAAwAw&usg=AFQjCNEfXUejq3COIMOAuMXw4omSl-INNw
New York Times,https://www.nytimes.com/2017/05/06/business/health-act-repeal-would-strike-economys-engine.html&sa=U&ved=0ahUKEwiX9YSMzd7TAhUm6YMKHWAjB0o4RhCpAggrKAAwBA&usg=AFQjCNFykSWX2mnOIoNYLpPu-RMRV0KA7w
Fox News,http://www.foxnews.com/opinion/2017/04/24/obamacare-repeal-gop-leaders-are-missing-their-chance.html&sa=U&ved=0ahUKEwiX9YSMzd7TAhUm6YMKHWAjB0o4RhCpAgguKAAwBQ&usg=AFQjCNGkfgTxzVBIIvYzL1b9wr5OB9PhdQ
Northeast Mississippi Daily Journal,http://djournal.com/lifestyle/health/mississippians-debating-obamacare-repeal-should-follow-medicaid-closely/article_7caf7fff-4878-556f-8ad2-74c4500398c3.html&sa=U&ved=0ahUKEwiX9YSMzd7TAhUm6YMKHWAjB0o4RhCpAggzKAAwBg&usg=AFQjCNHw3T580NDBoEnJ2SVVpAw2Mn-pUg
Washington Examiner,http://www.washingtonexaminer.com/congressman-caught-picking-nose-during-ceremony-celebrating-obamacare-repeal-bill/article/2622174&sa=U&ved=0ahUKEwiX9YSMzd7TAhUm6YMKHWAjB0o4RhCpAgg2KAAwBw&usg=AFQjCNHLMx2QKcitCn876rLQHswIgcGD3A
Syracuse.com,http://www.syracuse.com/politics/index.ssf/2017/05/in_final_hour_rep_john_katko_still_firmly_opposed_to_obamacare_repeal_bill.html&sa=U&ved=0ahUKEwiX9YSMzd7TAhUm6YMKHWAjB0o4RhCpAgg5KAAwCA&usg=AFQjCNFARUy9sXSAExH658oSRbeWv7l1Xw
Washington Examiner,http://www.washingtonexaminer.com/trump-pushes-obamacare-repeal-as-laws-popularity-improves/article/2621540&sa=U&ved=0ahUKEwiX9YSMzd7TAhUm6YMKHWAjB0o4RhCpAgg8KAAwCQ&usg=AFQjCNHncf4qhSDk8I0T1xsBhzyqi5ylng
Washington Examiner,http://www.washingtonexaminer.com/joe-biden-after-obamacare-repeal-vote-day-of-shame-in-congress/article/2622186&sa=U&ved=0ahUKEwiFy66Mzd7TAhUMzIMKHX1cCP04UBCpAggUKAAwAA&usg=AFQjCNFKikpElhWrvWgSygikxX04ZF_AUg
Huffington post (press release) (blog),http://www.huffingtonpost.com/entry/progressive-fundraising-defeat-republicans_us_590cdd94e4b0d5d9049c800f&sa=U&ved=0ahUKEwiFy66Mzd7TAhUMzIMKHX1cCP04UBCpAggXKAAwAQ&usg=AFQjCNHSBTxn8u7h2DX86ydgFnIwNKybxQ
TPM,http://talkingpointsmemo.com/dc/obamacare-repeal-consumer-protections&sa=U&ved=0ahUKEwiFy66Mzd7TAhUMzIMKHX1cCP04UBCpAggaKAAwAg&usg=AFQjCNFvMxErj0wdKKlJiLeVZZH5yBc4ww
Fox News,http://www.foxnews.com/politics/2017/04/26/un-reportedly-warns-trump-that-obamacare-repeal-could-violate-international-law.html&sa=U&ved=0ahUKEwiFy66Mzd7TAhUMzIMKHX1cCP04UBCpAggdKAAwAw&usg=AFQjCNEVUQ_uARVwwPAQKFMEwZwUIyTqPA
Washington Times,http://www.washingtontimes.com/news/2017/may/7/paul-ryan-house-speaker-rejects-criticism-of-obama/&sa=U&ved=0ahUKEwiFy66Mzd7TAhUMzIMKHX1cCP04UBCpAggjKAAwBA&usg=AFQjCNFiSBZOnr_l69Ek48Wzrcq2iVcaKw
Breitbart News,http://www.breitbart.com/big-hollywood/2017/05/04/cher-gop-health-care-bill-threatens-funding-treat-asthma/&sa=U&ved=0ahUKEwiFy66Mzd7TAhUMzIMKHX1cCP04UBCpAggmKAAwBQ&usg=AFQjCNGnrBI8zzENYzWUUn-tSnppa6ZypQ
Vox,https://www.vox.com/policy-and-politics/2017/5/5/15550646/ahca-obamacare-middle-class-rich-tax-increase&sa=U&ved=0ahUKEwiFy66Mzd7TAhUMzIMKHX1cCP04UBCpAggpKAAwBg&usg=AFQjCNF2FdBc7BfqC6el1xV4InFTIRyBQg
Syracuse.com,http://www.syracuse.com/politics/index.ssf/2017/05/rep_elise_stefaniks_last-minute_decision_yes_to_obamacare_repeal_bill.html&sa=U&ved=0ahUKEwiFy66Mzd7TAhUMzIMKHX1cCP04UBCpAggsKAAwBw&usg=AFQjCNFEWa7tpH3qmpTf3vH_R2af1ILY7w
The San Diego Union-Tribune,http://www.sandiegouniontribune.com/opinion/the-conversation/sd-republicans-vote-no-on-ahca-obamacare-repeal-bill-20170504-story.html&sa=U&ved=0ahUKEwiFy66Mzd7TAhUMzIMKHX1cCP04UBCpAggvKAAwCA&usg=AFQjCNEFOfmJ_U9jsKgFEnjsaapkcIgY5g
National Review,http://www.nationalreview.com/article/446939/obamacare-repeal-now&sa=U&ved=0ahUKEwiFy66Mzd7TAhUMzIMKHX1cCP04UBCpAggyKAAwCQ&usg=AFQjCNGXYKD0hTEdeMNIGKv6nK1rqsxLZA
The Denver Post,http://www.denverpost.com/2017/05/02/obamacare-repeal-pressure-moderates/&sa=U&ved=0ahUKEwiBsdiMzd7TAhVBwYMKHcs-AwU4WhCpAggUKAAwAA&usg=AFQjCNGOay62XfxnfWDbJTYTy5PkFAbTSw
Washington Examiner,http://www.washingtonexaminer.com/pelosi-lawmakers-supporting-obamacare-repeal-will-be-forever-identified-with-vote/article/2622119&sa=U&ved=0ahUKEwiBsdiMzd7TAhVBwYMKHcs-AwU4WhCpAggXKAAwAQ&usg=AFQjCNG_ct0w24gPxtHpJq7zG7lsi3Zvow
Daily Local News,http://www.dailylocal.com/general-news/20170504/house-oks-gop-health-bill-a-step-toward-obamacare-repeal&sa=U&ved=0ahUKEwiBsdiMzd7TAhVBwYMKHcs-AwU4WhCpAggaKAAwAg&usg=AFQjCNGIW0xqmLb2RUGPln8JAjBI385emA
The Daily Caller,http://dailycaller.com/2017/05/05/white-house-says-its-okay-with-the-senate-taking-its-time-on-obamacare-repeal/&sa=U&ved=0ahUKEwiBsdiMzd7TAhVBwYMKHcs-AwU4WhCpAggdKAAwAw&usg=AFQjCNHhq-jKQXXQAaCvFyD3sQfqz5GKkw
The Coloradoan,http://www.coloradoan.com/story/news/politics/2017/05/04/what-does-the-republican-obamacare-repeal-bill-actually-do/101278668/&sa=U&ved=0ahUKEwiBsdiMzd7TAhVBwYMKHcs-AwU4WhCpAgggKAAwBA&usg=AFQjCNEbSPPtsz9An18O-ff8H0XL-6Blyw
BurlingtonFreePress.com,http://www.burlingtonfreepress.com/story/news/politics/2017/05/03/republicans-tweak-obamacare-repeal-bill-woo-moderates/101240432/&sa=U&ved=0ahUKEwiBsdiMzd7TAhVBwYMKHcs-AwU4WhCpAggjKAAwBQ&usg=AFQjCNHLO-K8plkbRDfNVv5W6Iq8kE7WFA
The San Diego Union-Tribune,http://www.sandiegouniontribune.com/opinion/the-conversation/sd-darrell-issa-votes-yes-on-obamacare-repeal-acha-health-care-20170504-story.html&sa=U&ved=0ahUKEwiBsdiMzd7TAhVBwYMKHcs-AwU4WhCpAggmKAAwBg&usg=AFQjCNGZgVoQtpZUcuCOu4dgt-zxeQ3HBg
KIRO Seattle,http://www.kiro7.com/news/local/local-cancer-survivor-upset-over-passage-of-obamacare-repeal/519569982&sa=U&ved=0ahUKEwiBsdiMzd7TAhVBwYMKHcs-AwU4WhCpAggrKAAwBw&usg=AFQjCNFA0Oy4lm3TpO5kLJEjSLlJ822L-Q
Washington Examiner,http://www.washingtonexaminer.com/ny-attorney-general-eric-schneiderman-ready-to-sue-over-unconstitutional-obamacare-repeal/article/2622182&sa=U&ved=0ahUKEwiBsdiMzd7TAhVBwYMKHcs-AwU4WhCpAgguKAAwCA&usg=AFQjCNHbO7IL_DiJZiVu6vssAITJLsE3FA
American Center for Law and Justice,https://aclj.org/obamacare/breaking-house-votes-to-repeal-obamacare-defund-planned-parenthood-fight-moves-to-the-senate&sa=U&ved=0ahUKEwiBsdiMzd7TAhVBwYMKHcs-AwU4WhCpAggxKAAwCQ&usg=AFQjCNE_-z4w7K8jWCMtE1ZAvJGSW3NuJg
Washington Examiner,http://www.washingtonexaminer.com/club-for-growth-backs-obamacare-repeal-bill/article/2622114&sa=U&ved=0ahUKEwjI8oONzd7TAhWl7IMKHb-OAkY4ZBCpAggUKAAwAA&usg=AFQjCNGjXS-KBZ9jBO2jkPfocw7HWmPjGw
Washington Examiner,http://www.washingtonexaminer.com/democrat-thousands-of-americans-will-die-if-obamacare-repeal-passes/article/2622129&sa=U&ved=0ahUKEwjI8oONzd7TAhWl7IMKHb-OAkY4ZBCpAggXKAAwAQ&usg=AFQjCNEXyjVFtPVK2kHWLHzN8E9UWOZDPQ
Breitbart News,http://www.breitbart.com/big-hollywood/2017/05/05/stephen-colbert-gop-kicked-america-in-the-balls-with-obamacare-repeal-vote/&sa=U&ved=0ahUKEwjI8oONzd7TAhWl7IMKHb-OAkY4ZBCpAggaKAAwAg&usg=AFQjCNFiE9D50IC8UyrMCHB2OrimcOU9_Q
NewYorkUpstate.com,http://www.newyorkupstate.com/news/2017/05/upstate_ny_rep_john_faso_will_vote_yes_on_obamacare_repeal_bill.html&sa=U&ved=0ahUKEwjI8oONzd7TAhWl7IMKHb-OAkY4ZBCpAggdKAAwAw&usg=AFQjCNEywcVGLKTueR97FuUXojkLBFL19A
Kansas City Star,http://www.kansascity.com/news/politics-government/article148650859.html&sa=U&ved=0ahUKEwjI8oONzd7TAhWl7IMKHb-OAkY4ZBCpAgggKAAwBA&usg=AFQjCNFqA69fbBiup4WlxcUU-4234NcEvA
Daily Kos,http://www.dailykos.com/story/2017/5/5/1659356/-GOP-s-Obamacare-repeal-bill-so-toxic-red-state-Democratic-senators-uniformly-slam-it&sa=U&ved=0ahUKEwjI8oONzd7TAhWl7IMKHb-OAkY4ZBCpAggjKAAwBQ&usg=AFQjCNHpGsa-a-X6vm149jBYnvXU1ehePQ
NJ.com,http://www.nj.com/politics/index.ssf/2017/05/frelinghuysen.html&sa=U&ved=0ahUKEwjI8oONzd7TAhWl7IMKHb-OAkY4ZBCpAggmKAAwBg&usg=AFQjCNEVVRl8vFnNIWF7MVECNJeqRLEg_w
Sioux Falls Argus Leader,http://www.argusleader.com/story/news/politics/2017/05/06/dozens-protest-noems-vote-obamacare-repeal/101368486/&sa=U&ved=0ahUKEwjI8oONzd7TAhWl7IMKHb-OAkY4ZBCpAggpKAAwBw&usg=AFQjCNFjWtGQggw2C6lEjX0sYVKTaAIS5w
TPM,http://talkingpointsmemo.com/dc/why-cant-republicans-move-on-from-obamacare-repeal&sa=U&ved=0ahUKEwjI8oONzd7TAhWl7IMKHb-OAkY4ZBCpAggsKAAwCA&usg=AFQjCNHsVPQxkSScc_gY-n18_ICXQlW9Gg
Washington Examiner,http://www.washingtonexaminer.com/fred-upton-says-hes-a-no-on-obamacare-repeal-bill/article/2621869&sa=U&ved=0ahUKEwjI8oONzd7TAhWl7IMKHb-OAkY4ZBCpAggxKAAwCQ&usg=AFQjCNHe5yNIbnI5fMfMAHUXDqjM376Ygg
Politico,http://www.politico.com/story/2017/05/04/mick-mulvaney-obamacare-repeal-bill-votes-237973&sa=U&ved=0ahUKEwifsqqNzd7TAhXF54MKHbXFD0k4bhCpAggUKAAwAA&usg=AFQjCNEaKI1iL9m0ohlEhbi9xOOCVfxRVw
Smoky Mountain News,http://www.smokymountainnews.com/news/item/19870-meadows-obamacare-repeal-provides-net-of-protection-for-vulnerable&sa=U&ved=0ahUKEwifsqqNzd7TAhXF54MKHbXFD0k4bhCpAggXKAAwAQ&usg=AFQjCNHl_mjXn7iwly0b0So9iqwYo1y4rA
The Hill,http://thehill.com/policy/healthcare/331710-key-gop-lawmaker-working-on-obamacare-repeal-amendment&sa=U&ved=0ahUKEwifsqqNzd7TAhXF54MKHbXFD0k4bhCpAggaKAAwAg&usg=AFQjCNF4W7ddzJNBo0GeewroUvb_MrzA4Q
CNN,http://www.cnn.com/2017/04/27/politics/macarthur-amendment-ama-aha-aarp-obamacare/&sa=U&ved=0ahUKEwifsqqNzd7TAhXF54MKHbXFD0k4bhCpAggdKAAwAw&usg=AFQjCNHvXqzMeybHZAivAzvXmgnvU_vXFw
McClatchy Washington Bureau,http://www.mcclatchydc.com/news/politics-government/congress/article148137999.html&sa=U&ved=0ahUKEwifsqqNzd7TAhXF54MKHbXFD0k4bhCpAgggKAAwBA&usg=AFQjCNGBEu-U5slsZRC1JrmXC3hU-M9H2w
Belleville News-Democrat,http://www.bnd.com/news/local/article148633744.html&sa=U&ved=0ahUKEwifsqqNzd7TAhXF54MKHbXFD0k4bhCpAggjKAAwBQ&usg=AFQjCNEVFBkikEihYCYLbb9XoJeTzpAMwg
Washington Examiner,http://www.washingtonexaminer.com/kasich-comes-out-against-gops-obamacare-repeal-bill-im-not-for-it/article/2621564&sa=U&ved=0ahUKEwifsqqNzd7TAhXF54MKHbXFD0k4bhCpAggmKAAwBg&usg=AFQjCNFo4EJIFYrgMLl6PGD-Gt4XxKwx5w
Los Angeles Times,http://www.latimes.com/business/hiltzik/la-fi-maine-obamacare-20170417-story.html&sa=U&ved=0ahUKEwifsqqNzd7TAhXF54MKHbXFD0k4bhCpAggpKAAwBw&usg=AFQjCNEiw3WmGhZDmHiBbjDkFodyx5pNng
Seattle Weekly,http://www.seattleweekly.com/news/as-health-care-vote-approaches-we-still-dont-know-where-reichert-stands/&sa=U&ved=0ahUKEwifsqqNzd7TAhXF54MKHbXFD0k4bhCpAggsKAAwCA&usg=AFQjCNE_ih4c_PXziIN8QRMyrzQXtGuM1A
KUOW News and Information,http://kuow.org/post/obamacare-repeal-great-says-wa-insurance-commish-except-sick-elderly-poor&sa=U&ved=0ahUKEwifsqqNzd7TAhXF54MKHbXFD0k4bhCpAggvKAAwCQ&usg=AFQjCNEt2wXpWKyR412dGTxThxzVbsbSbw
Washington Examiner,http://www.washingtonexaminer.com/doctors-hospitals-oppose-new-obamacare-repeal-plan/article/2621484&sa=U&ved=0ahUKEwjziNeNzd7TAhVl0YMKHVxWCCg4eBCpAggUKAAwAA&usg=AFQjCNESvfLznK7YNze7x8iNHJhTxV5D9Q
Consumerist,http://consumerist.com/2017/05/04/obamacare-repeal-could-also-mean-more-out-of-pocket-costs-for-americans-with-employer-sponsored-plans/&sa=U&ved=0ahUKEwjziNeNzd7TAhVl0YMKHVxWCCg4eBCpAggXKAAwAQ&usg=AFQjCNF5jHLj-cdc1_B-vfLP-0ju9bK9ew
The Hill,http://thehill.com/policy/healthcare/328769-gop-centrists-push-back-on-obamacare-repeal&sa=U&ved=0ahUKEwjziNeNzd7TAhVl0YMKHVxWCCg4eBCpAggaKAAwAg&usg=AFQjCNHqxxQpb9DJZi6Qym99uINpKqHOyg
NJ.com,http://www.nj.com/healthfit/index.ssf/2017/05/vote_on_obamacare_repeal_still_possible_but_passag.html&sa=U&ved=0ahUKEwjziNeNzd7TAhVl0YMKHVxWCCg4eBCpAggiKAAwAw&usg=AFQjCNGLReF5xYWqN1Oy3cOQzYP_kf1M8A
Chicago Daily Herald,http://www.dailyherald.com/news/20170502/hultgren-roskam-undecided-on-obamacare-repeal&sa=U&ved=0ahUKEwjziNeNzd7TAhVl0YMKHVxWCCg4eBCpAgglKAAwBA&usg=AFQjCNFS08q5Nl80OvIBrKDb8RBY5hxg4Q
The Hill,http://thehill.com/policy/healthcare/331704-dem-rep-gop-playing-russian-roulette-with-obamacare-repeal-vote&sa=U&ved=0ahUKEwjziNeNzd7TAhVl0YMKHVxWCCg4eBCpAggoKAAwBQ&usg=AFQjCNFU4yZhSmWlWn4qhbgCqabHBJV3JQ
The Hill,http://thehill.com/policy/healthcare/331138-week-ahead-republicans-look-for-path-forward-on-obamacare-repeal&sa=U&ved=0ahUKEwjziNeNzd7TAhVl0YMKHVxWCCg4eBCpAggrKAAwBg&usg=AFQjCNEh1zT4cbYto5faDjbVmIl2692ZoA
NPR,http://www.npr.org/sections/health-shots/2017/04/10/523020561/republicans-now-control-obamacare-will-your-coverage-change&sa=U&ved=0ahUKEwjziNeNzd7TAhVl0YMKHVxWCCg4eBCpAgguKAAwBw&usg=AFQjCNHmecropCa1iEtvV7jhSa2FqIk8SA
The Hill,http://thehill.com/homenews/house/331647-issa-obamacare-repeal-position-none-of-your-business&sa=U&ved=0ahUKEwjziNeNzd7TAhVl0YMKHVxWCCg4eBCpAggxKAAwCA&usg=AFQjCNEMkrrOblbGeyyipptqG5jXoPesOg
NewYorkUpstate.com,http://www.newyorkupstate.com/news/2017/05/obamacare_repeal_rep_elise_stefanik_wont_say_how_shell_vote_today.html&sa=U&ved=0ahUKEwjziNeNzd7TAhVl0YMKHVxWCCg4eBCpAgg0KAAwCQ&usg=AFQjCNF00YuH-cGQO-RBjHn9awQKV08rqw
Washington Examiner,http://www.washingtonexaminer.com/gop-rep-chris-collins-admits-he-did-not-read-obamacare-repeal-bill/article/2622193&sa=U&ved=0ahUKEwjRkICOzd7TAhVC4oMKHdWuD144ggEQqQIIFCgAMAA&usg=AFQjCNE0ps885hvkf4KgDyY0H5uWODfZLw
Politico,http://www.politico.com/story/2017/04/27/senate-republicans-obamacare-repeal-237656&sa=U&ved=0ahUKEwjRkICOzd7TAhVC4oMKHdWuD144ggEQqQIIFygAMAE&usg=AFQjCNEkmoGPx8-V4HGHx8NK-wzh8D5jDQ
Washington Examiner,http://www.washingtonexaminer.com/durbin-uses-heart-procedure-to-warn-against-obamacare-repeal/article/2621920&sa=U&ved=0ahUKEwjRkICOzd7TAhVC4oMKHdWuD144ggEQqQIIGigAMAI&usg=AFQjCNHi3rHgGQfydxYG9HT_csEBS00kuw
The Hill (blog),http://thehill.com/blogs/pundits-blog/healthcare/328108-with-latest-obamacare-repeal-plan-gop-can-kiss-house-majority&sa=U&ved=0ahUKEwjRkICOzd7TAhVC4oMKHdWuD144ggEQqQIIHSgAMAM&usg=AFQjCNF5x0OMg9K7Bht17TUZYRS2fO4DOA
Townhall,https://townhall.com/columnists/pauljacob/2017/04/30/will-the-un-permit-obamacares-repeal-n2320217&sa=U&ved=0ahUKEwjRkICOzd7TAhVC4oMKHdWuD144ggEQqQIIICgAMAQ&usg=AFQjCNHdAMphSrU2ui1jgM8IKpNKhAHZXg
TPM,http://talkingpointsmemo.com/livewire/patient-groups-oppose-obamacare-repeal-changes&sa=U&ved=0ahUKEwjRkICOzd7TAhVC4oMKHdWuD144ggEQqQIIIygAMAU&usg=AFQjCNHlvRId1YAX49J68fIKrhI53LyOwA
The Hill,http://thehill.com/homenews/senate/331867-republicans-can-exempt-themselves-from-obamacare-rollbacks-in-new-legislation&sa=U&ved=0ahUKEwjRkICOzd7TAhVC4oMKHdWuD144ggEQqQIIJigAMAY&usg=AFQjCNHeh9QcRacoG9TbPRSEplyeaFEklw
WXIA-TV,http://www.11alive.com/news/politics/die-ins-protests-planned-over-obamacare-repeal/437400058&sa=U&ved=0ahUKEwjRkICOzd7TAhVC4oMKHdWuD144ggEQqQIIKSgAMAc&usg=AFQjCNHRE9DnXgJQtZuINsgicepdZokSgA
Daily Republic,http://www.mitchellrepublic.com/news/local/4261898-rounds-noem-back-obamacare-repeal&sa=U&ved=0ahUKEwjRkICOzd7TAhVC4oMKHdWuD144ggEQqQIILCgAMAg&usg=AFQjCNEdEdCC-eHNttkcj5LVx5Zy_D5YSA
ABC News,http://abcnews.go.com/Politics/president-trump-making-push-health-care-bill-amid/story%3Fid%3D47176314&sa=U&ved=0ahUKEwjRkICOzd7TAhVC4oMKHdWuD144ggEQqQIILygAMAk&usg=AFQjCNG0kBxNao_Dp92fwt-_dxBXj9XBKg
Politico,http://www.politico.com/story/2017/04/27/senate-republicans-obamacare-repeal-237656&sa=U&ved=0ahUKEwjz1ayOzd7TAhXn8YMKHbeDBio4jAEQqQIIFCgAMAA&usg=AFQjCNEkmoGPx8-V4HGHx8NK-wzh8D5jDQ
Washington Examiner,http://www.washingtonexaminer.com/durbin-uses-heart-procedure-to-warn-against-obamacare-repeal/article/2621920&sa=U&ved=0ahUKEwjz1ayOzd7TAhXn8YMKHbeDBio4jAEQqQIIFygAMAE&usg=AFQjCNHi3rHgGQfydxYG9HT_csEBS00kuw
The Hill (blog),http://thehill.com/blogs/pundits-blog/healthcare/328108-with-latest-obamacare-repeal-plan-gop-can-kiss-house-majority&sa=U&ved=0ahUKEwjz1ayOzd7TAhXn8YMKHbeDBio4jAEQqQIIGigAMAI&usg=AFQjCNF5x0OMg9K7Bht17TUZYRS2fO4DOA
Townhall,https://townhall.com/columnists/pauljacob/2017/04/30/will-the-un-permit-obamacares-repeal-n2320217&sa=U&ved=0ahUKEwjz1ayOzd7TAhXn8YMKHbeDBio4jAEQqQIIHygAMAM&usg=AFQjCNHdAMphSrU2ui1jgM8IKpNKhAHZXg
TPM,http://talkingpointsmemo.com/livewire/patient-groups-oppose-obamacare-repeal-changes&sa=U&ved=0ahUKEwjz1ayOzd7TAhXn8YMKHbeDBio4jAEQqQIIIigAMAQ&usg=AFQjCNHlvRId1YAX49J68fIKrhI53LyOwA
The Hill,http://thehill.com/homenews/senate/331867-republicans-can-exempt-themselves-from-obamacare-rollbacks-in-new-legislation&sa=U&ved=0ahUKEwjz1ayOzd7TAhXn8YMKHbeDBio4jAEQqQIIJSgAMAU&usg=AFQjCNHeh9QcRacoG9TbPRSEplyeaFEklw
Daily Republic,http://www.mitchellrepublic.com/news/local/4261898-rounds-noem-back-obamacare-repeal&sa=U&ved=0ahUKEwjz1ayOzd7TAhXn8YMKHbeDBio4jAEQqQIIKCgAMAY&usg=AFQjCNEdEdCC-eHNttkcj5LVx5Zy_D5YSA
WXIA-TV,http://www.11alive.com/news/politics/die-ins-protests-planned-over-obamacare-repeal/437400058&sa=U&ved=0ahUKEwjz1ayOzd7TAhXn8YMKHbeDBio4jAEQqQIIKygAMAc&usg=AFQjCNHRE9DnXgJQtZuINsgicepdZokSgA
The Hill,http://thehill.com/policy/healthcare/329440-pence-very-confident-congress-will-repeal-obamacare&sa=U&ved=0ahUKEwjz1ayOzd7TAhXn8YMKHbeDBio4jAEQqQIILigAMAg&usg=AFQjCNEeAyr2bNvGV-34hjxKz8TqGmkjhA
ABC News,http://abcnews.go.com/Politics/president-trump-making-push-health-care-bill-amid/story%3Fid%3D47176314&sa=U&ved=0ahUKEwjz1ayOzd7TAhXn8YMKHbeDBio4jAEQqQIIMSgAMAk&usg=AFQjCNG0kBxNao_Dp92fwt-_dxBXj9XBKg
Syracuse.com,http://www.syracuse.com/politics/index.ssf/2017/05/stefanik_among_4_upstate_ny_republicans_undecided_on_obamacare_repeal_bill.html&sa=U&ved=0ahUKEwjW3P2Ozd7TAhUEzIMKHfQBBso4lgEQqQIIFCgAMAA&usg=AFQjCNHdLsQGbQRgJBHMoobhMibxerweOg
The Hill,http://thehill.com/policy/healthcare/329114-gop-eyes-insurer-fund-to-save-obamacare-repeal&sa=U&ved=0ahUKEwjW3P2Ozd7TAhUEzIMKHfQBBso4lgEQqQIIFygAMAE&usg=AFQjCNHbl5bBBEnEwzFMuyZba0E9FqO2xg
WBEZ,https://www.wbez.org/shows/wbez-news/how-the-latest-obamacare-repeal-bill-could-affect-illinois/2647e50f-b31c-4e30-94e0-4165f61a57d1&sa=U&ved=0ahUKEwjW3P2Ozd7TAhUEzIMKHfQBBso4lgEQqQIIGigAMAI&usg=AFQjCNGCn-GFFEDHTe6kNl6KYNyqf8yk7g
Philly.com,http://www.philly.com/philly/news/politics/nj/South-Jersey-Rep-Tom-MacArthur-takes-spotlight-and-heat-in-reviving-Obamacare-repeal.html&sa=U&ved=0ahUKEwjW3P2Ozd7TAhUEzIMKHfQBBso4lgEQqQIIHSgAMAM&usg=AFQjCNHkZJ7_vlVsNGLl8Cxnw67m5r339Q
KSBY San Luis Obispo News,http://www.ksby.com/story/35349444/what-obamacare-repeal-could-mean-for-central-coast&sa=U&ved=0ahUKEwjW3P2Ozd7TAhUEzIMKHfQBBso4lgEQqQIIICgAMAQ&usg=AFQjCNHk3C2E-rIil7q9vagk1pm66-pruA
Washington Examiner,http://www.washingtonexaminer.com/trump-moves-obamacare-repeal-and-replace-to-september/article/2621187&sa=U&ved=0ahUKEwjW3P2Ozd7TAhUEzIMKHfQBBso4lgEQqQIIIygAMAU&usg=AFQjCNGQKJu4mP26USAvkAsK3E-f_2fkqA
Kansas City Star,http://www.kansascity.com/news/local/article148778564.html&sa=U&ved=0ahUKEwjW3P2Ozd7TAhUEzIMKHfQBBso4lgEQqQIIJigAMAY&usg=AFQjCNEjAp5zT3MGqFfplMl4Q-6nzln-Fw
Shareblue Media,http://shareblue.com/gop-rep-walks-out-of-pence-meeting-as-second-obamacare-repeal-attempt-collapses/&sa=U&ved=0ahUKEwjW3P2Ozd7TAhUEzIMKHfQBBso4lgEQqQIIKSgAMAc&usg=AFQjCNHyHwzTbhRhTO542PDWbHKgqLEYJg
New York Magazine,http://nymag.com/daily/intelligencer/2017/04/trump-i-may-sabotage-obamacare-until-democrats-repeal-it.html&sa=U&ved=0ahUKEwjW3P2Ozd7TAhUEzIMKHfQBBso4lgEQqQIILCgAMAg&usg=AFQjCNEGUmL3KaIbrXmPMGVo-YQXdIARiQ
The Daily Freeman,http://www.dailyfreeman.com/general-news/20170506/in-wake-of-obamacare-repeal-vote-crowd-turns-out-to-protest-support-of-us-rep-john-faso&sa=U&ved=0ahUKEwjW3P2Ozd7TAhUEzIMKHfQBBso4lgEQqQIIMygAMAk&usg=AFQjCNG8XfePhOLPySmk7D6RW0CNKWZBlw
NJ.com,http://www.nj.com/politics/index.ssf/2017/04/can_this_nj_lawmaker_save_trumps_obamacare_repeal.html&sa=U&ved=0ahUKEwje76aPzd7TAhUF8YMKHcwaAy84oAEQqQIIFCgAMAA&usg=AFQjCNGcEPcmZ_z8KOCggSm2QbcRYzDcSg
KY3,http://www.ky3.com/content/news/421179603.html&sa=U&ved=0ahUKEwje76aPzd7TAhUF8YMKHcwaAy84oAEQqQIIHCgAMAE&usg=AFQjCNHAsP_fwap895ueZQXwgJjS9w5Cfw
Wall Street Journal (subscription),https://www.wsj.com/articles/obamacare-repeal-needs-a-direction-1493075696&sa=U&ved=0ahUKEwje76aPzd7TAhUF8YMKHcwaAy84oAEQqQIIHygAMAI&usg=AFQjCNHjx8Kn_JoY255TloGVSfTpVDyjeA
Baltimore Sun,http://www.baltimoresun.com/news/maryland/politics/bs-md-lawmakers-townhall-20170420-story.html&sa=U&ved=0ahUKEwje76aPzd7TAhUF8YMKHcwaAy84oAEQqQIIIigAMAM&usg=AFQjCNGniLKyI9PQz9tj-MN-5_ra-t18OA
TPM,http://talkingpointsmemo.com/dc/ama-opposes-macarthur-amendment-ahca&sa=U&ved=0ahUKEwje76aPzd7TAhUF8YMKHcwaAy84oAEQqQIIJSgAMAQ&usg=AFQjCNFGwxRgSfNfg5q81rdSOL-RgIy8kA
The Hill (blog),http://thehill.com/blogs/floor-action/senate/328772-mcconnell-big-challenge-to-pass-obamacare-repeal-in-senate&sa=U&ved=0ahUKEwje76aPzd7TAhUF8YMKHcwaAy84oAEQqQIIKCgAMAU&usg=AFQjCNE_aq0vxtHtWuJdSNBBdwkyfuCWJw
CNBC,http://www.cnbc.com/2017/04/18/unitedhealth-raises-its-2017-outlook-despite-the-uncertainty-over-obamacare-repeal.html&sa=U&ved=0ahUKEwje76aPzd7TAhUF8YMKHcwaAy84oAEQqQIIKygAMAY&usg=AFQjCNF6-unO-XArczIfQBMkg6EtU0xrJg
WNIJ and WNIU,http://northernpublicradio.org/post/illinois-issues-how-obamacare-repeal-efforts-might-affect-our-state&sa=U&ved=0ahUKEwje76aPzd7TAhUF8YMKHcwaAy84oAEQqQIILigAMAc&usg=AFQjCNHBSAm6TNvG-I5TrgIIaEfFL9y92Q
Politico,http://www.politico.com/story/2017/05/04/american-action-network-obamacare-repeal-thank-you-ad-238002&sa=U&ved=0ahUKEwje76aPzd7TAhUF8YMKHcwaAy84oAEQqQIIMSgAMAg&usg=AFQjCNEtK3zviejKSUE6jRVzbJ1Q6NVmFA
Washington Examiner,http://www.washingtonexaminer.com/last-minute-obamacare-repeal-deal-may-be-costly/article/2619925&sa=U&ved=0ahUKEwje76aPzd7TAhUF8YMKHcwaAy84oAEQqQIINCgAMAk&usg=AFQjCNGKHuppiX4eiVNayJoacq3rYuPHGg
Mic,https://mic.com/articles/176415/there-s-not-one-woman-involved-in-drafting-the-senate-gop-s-obamacare-repeal-plan&sa=U&ved=0ahUKEwjzgtCPzd7TAhVE6YMKHY28Cwg4qgEQqQIIFCgAMAA&usg=AFQjCNHwtg3t9g3iUa9MrMZZmSYZEC2mAQ
Conservative Review,https://www.conservativereview.com/articles/levin-the-gop-does-not-want-to-actually-repeal-obamacare&sa=U&ved=0ahUKEwjzgtCPzd7TAhVE6YMKHY28Cwg4qgEQqQIIFygAMAE&usg=AFQjCNGO1-fBMKubQ8VdgEXCrhiwaOmPgQ
Fox News,http://www.foxnews.com/transcript/2017/04/23/mick-mulvaney-on-looming-budget-deadline-obamacare-repeal.html&sa=U&ved=0ahUKEwjzgtCPzd7TAhVE6YMKHY28Cwg4qgEQqQIIGigAMAI&usg=AFQjCNGcM01lPmkpsyDOvWmWtgoP4Iy8Jw
Greater Baton Rouge Business Report,https://www.businessreport.com/article/obamacare-repeal-needs-direction-jindal-says-wall-street-journal-column&sa=U&ved=0ahUKEwjzgtCPzd7TAhVE6YMKHY28Cwg4qgEQqQIIHSgAMAM&usg=AFQjCNGgU-3Aeri-sV72ONn-M02VNAW9QA
Asbury Park Press,http://www.app.com/story/opinion/columnists/2017/04/10/wentz-fight-cuts-obamacare-repeal-bill/100286286/&sa=U&ved=0ahUKEwjzgtCPzd7TAhVE6YMKHY28Cwg4qgEQqQIIHygAMAQ&usg=AFQjCNHPYTMTVCTUp6RauCjfVTzwIDe1wA
Politico,http://www.politico.com/story/2017/04/mike-coffman-townhall-obamacare-colorado-incumbent-237183&sa=U&ved=0ahUKEwjzgtCPzd7TAhVE6YMKHY28Cwg4qgEQqQIIIigAMAU&usg=AFQjCNHJHiDWbfx6SGbkpukNFE7qu04ryA
Arizona Public Media,https://www.azpm.org/p/home-articles-news/2017/5/4/110088-mcsally-yes-grijalva-ohalleran-no-on-obamacare-repeal/&sa=U&ved=0ahUKEwjzgtCPzd7TAhVE6YMKHY28Cwg4qgEQqQIIJSgAMAY&usg=AFQjCNFHpHzWV3L2jQs2xJE8ozDZN1tKvA
Washington Examiner,http://www.washingtonexaminer.com/pelosi-gop-will-have-doo-doo-on-its-shoes-if-obamacare-repeal-passes/article/2621457&sa=U&ved=0ahUKEwjzgtCPzd7TAhVE6YMKHY28Cwg4qgEQqQIIKCgAMAc&usg=AFQjCNF5-Aul7biyfrNIHuCZbhlrWQaIDA
Allentown Morning Call,http://www.mcall.com/news/nationworld/pennsylvania/mc-pa-obamacare-club-for-growth-dent-20170413-story.html&sa=U&ved=0ahUKEwjzgtCPzd7TAhVE6YMKHY28Cwg4qgEQqQIIKygAMAg&usg=AFQjCNGoz7SFXuSV-DPdAYy8VAiWhKqkZw
Hawaii News Now,http://www.hawaiinewsnow.com/story/35279349/business-report-the-obamacare-repeal-and-replace-debate&sa=U&ved=0ahUKEwjzgtCPzd7TAhVE6YMKHY28Cwg4qgEQqQIILigAMAk&usg=AFQjCNEVirZ7rGol0AJ6ThEv6Sqc0aASxg
Chattanooga Times Free Press,http://www.timesfreepress.com/news/local/story/2017/may/04/two-local-doctors-criticize-obamacare-repeal/426268/&sa=U&ved=0ahUKEwiK9PiPzd7TAhUJ3IMKHVgTCPU4tAEQqQIIFCgAMAA&usg=AFQjCNH4FGmWGKy_SdP5RlFrm4UhuVnIKw
Bloomberg BNA,https://www.bna.com/obamacare-repeal-likely-b57982086428/&sa=U&ved=0ahUKEwiK9PiPzd7TAhUJ3IMKHVgTCPU4tAEQqQIIFygAMAE&usg=AFQjCNE45tORsRp50gU-3HPfRY62h4kT6A
Washington Post,https://www.washingtonpost.com/news/the-fix/wp/2017/04/28/the-fatal-flaw-in-the-gops-lurching-obamacare-repeal-push/&sa=U&ved=0ahUKEwiK9PiPzd7TAhUJ3IMKHVgTCPU4tAEQqQIIGSgAMAI&usg=AFQjCNHEKtmbIwv_BoVo555QQvGllYgavA
Washington Examiner,http://www.washingtonexaminer.com/spicer-clearly-getting-closer-to-deal-on-obamacare-repeal/article/2619998&sa=U&ved=0ahUKEwiK9PiPzd7TAhUJ3IMKHVgTCPU4tAEQqQIIHCgAMAM&usg=AFQjCNGLQVd9DwFWJdzFEjAZYAwu8e7fyw
Politico,http://www.politico.com/story/2017/04/24/trump-obamacare-repeal-bill-schedule-sean-spicer-237532&sa=U&ved=0ahUKEwiK9PiPzd7TAhUJ3IMKHVgTCPU4tAEQqQIIHygAMAQ&usg=AFQjCNEJxWchh1O5JsFqDEFFfS0vv6-6JA
The Courier,http://thecourier.com/local-news/2017/04/21/latta-obamacare-repeal-coming/&sa=U&ved=0ahUKEwiK9PiPzd7TAhUJ3IMKHVgTCPU4tAEQqQIIIigAMAU&usg=AFQjCNGMBNxWINK1ADd6aJUnBYBEkxMqGA
Washington Examiner,http://www.washingtonexaminer.com/paul-ryans-image-worst-since-2012-obamacare-repeal-failure-blamed/article/2620646&sa=U&ved=0ahUKEwiK9PiPzd7TAhUJ3IMKHVgTCPU4tAEQqQIIJSgAMAY&usg=AFQjCNF9rmvVrb7gQqL57d2rttqptSPkyA
The Globe and Mail,http://www.theglobeandmail.com/news/national/morning-update-newsletter-ontario-promises-solitary-reform-obamacare-repeal-passes-pig-trial-ends/article34905206/&sa=U&ved=0ahUKEwiK9PiPzd7TAhUJ3IMKHVgTCPU4tAEQqQIIKCgAMAc&usg=AFQjCNFFRIPwyqLiZW8EsGhkUMv-D0bpRQ
MassLive.com,http://www.masslive.com/business-news/index.ssf/2017/04/baystate_health_chief_stays_course_despi.html&sa=U&ved=0ahUKEwiK9PiPzd7TAhUJ3IMKHVgTCPU4tAEQqQIIKygAMAg&usg=AFQjCNH-fIvpeN3BupKCO9kDM48Fe_VBdw
NewsBusters (blog),http://www.newsbusters.org/blogs/nb/geoffrey-dickens/2017/04/25/study-networks-blame-hardline-ultra-conservatives-obstructing&sa=U&ved=0ahUKEwiK9PiPzd7TAhUJ3IMKHVgTCPU4tAEQqQIILigAMAk&usg=AFQjCNGcKyp9JgYbGclbKXiYumNmttyEOQ
Los Angeles Times,http://www.latimes.com/politics/essential/la-pol-ca-essential-politics-updates-meet-the-bakersfield-republican-1494017672-htmlstory.html&sa=U&ved=0ahUKEwib46mQzd7TAhVsxYMKHSrvAhQ4vgEQqQIIFCgAMAA&usg=AFQjCNFa5YX-emGsc2F5coKqZXBYXHy2lA
Richmond.com,http://www.richmond.com/opinion/their-opinion/guest-columnists/jessica-keim-malpass-lisa-c-lindley-column-obamacare-repeal-hurts/article_00f290ae-ba4a-5506-ae17-8113d7d0d17f.html&sa=U&ved=0ahUKEwib46mQzd7TAhVsxYMKHSrvAhQ4vgEQqQIIFygAMAE&usg=AFQjCNGGOCzcr010b709P-YYnelEnqcYXg
The Sheboygan Press,http://www.sheboyganpress.com/story/news/2017/04/10/grothman-obamacare-repeal-still-possible/100290436/&sa=U&ved=0ahUKEwib46mQzd7TAhVsxYMKHSrvAhQ4vgEQqQIIGigAMAI&usg=AFQjCNG7RqWM9TkVe4mZ79Do7p4YHHBGdA
CNN,http://www.cnn.com/2017/01/06/politics/republicans-obamacare-repeal-donald-trump/&sa=U&ved=0ahUKEwib46mQzd7TAhVsxYMKHSrvAhQ4vgEQqQIIHSgAMAM&usg=AFQjCNFkOkz8SjXgo80sBV_MT3kyLJ8h7w
Fox News,http://www.foxnews.com/politics/2017/03/13/budget-analysis-obamacare-repeal-would-result-in-millions-more-uninsured.html&sa=U&ved=0ahUKEwib46mQzd7TAhVsxYMKHSrvAhQ4vgEQqQIIJigAMAQ&usg=AFQjCNEke8YO4MXPWkF131xz-ug_09gPTQ
CNN,http://www.cnn.com/2017/02/16/politics/reasons-republicans-stuck-obamacare-repeal/&sa=U&ved=0ahUKEwib46mQzd7TAhVsxYMKHSrvAhQ4vgEQqQIILygAMAU&usg=AFQjCNHx1t2TsIxJTCPeSsRO8WfAA4sE2g
CNN,http://www.cnn.com/2017/01/10/politics/paul-ryan-obamacare-repeal-and-replace/&sa=U&ved=0ahUKEwib46mQzd7TAhVsxYMKHSrvAhQ4vgEQqQIIOCgAMAY&usg=AFQjCNF8IF23Cc2oQqVEwey8LiJJly8gfw
The Hill,http://thehill.com/policy/healthcare/322609-gop-releases-bill-to-repeal-and-replace-obamacare&sa=U&ved=0ahUKEwib46mQzd7TAhVsxYMKHSrvAhQ4vgEQqQIIQSgAMAc&usg=AFQjCNGoCf6xhiAaDX6PWWy7iCBo4m7ErQ
Huffington Post,http://www.huffingtonpost.com/entry/house-leaders-cancel-vote-obamacare-repeal_us_58d54cdde4b03692bea5563e&sa=U&ved=0ahUKEwib46mQzd7TAhVsxYMKHSrvAhQ4vgEQqQIISigAMAg&usg=AFQjCNFAvbCA-aOy84denUgNBG13dLmCvQ
CNN,http://www.cnn.com/2017/02/02/politics/gop-incredible-shrinking-obamacare-repeal/&sa=U&ved=0ahUKEwib46mQzd7TAhVsxYMKHSrvAhQ4vgEQqQIIUygAMAk&usg=AFQjCNFtn5S2jUDeWmT3giR5XQxBpJXG9Q
CBS News,http://www.cbsnews.com/news/obamacare-repeal-whats-in-and-whats-out-gop-donald-trump-health-care-reform/&sa=U&ved=0ahUKEwiY39WQzd7TAhVBzIMKHdtfDzY4yAEQqQIIFCgAMAA&usg=AFQjCNFV68mANdT5b4FRoYP1-mDdxfjghw
CNN,http://www.cnn.com/2017/01/16/politics/trump-obamacare-slow/&sa=U&ved=0ahUKEwiY39WQzd7TAhVBzIMKHdtfDzY4yAEQqQIIHSgAMAE&usg=AFQjCNE6dy5h7FSMLqCbwYAbZTCcVfVa-Q
Politico,http://www.politico.com/story/2017/03/live-updates-analysis-will-obamacare-be-repealed-under-trump-vote-236263&sa=U&ved=0ahUKEwiY39WQzd7TAhVBzIMKHdtfDzY4yAEQqQIIJigAMAI&usg=AFQjCNHt7f-iBFgpgfHNAMUv8EvVUYcf1A
CNN,http://www.cnn.com/2017/03/01/politics/obamacare-donald-trump-address/&sa=U&ved=0ahUKEwiY39WQzd7TAhVBzIMKHdtfDzY4yAEQqQIIKSgAMAM&usg=AFQjCNHBKFDTXvxe1EoMPpzlPRTEkH-biA
CNN,http://www.cnn.com/2017/02/06/politics/republicans-grumble-repeal-obamacare/&sa=U&ved=0ahUKEwiY39WQzd7TAhVBzIMKHdtfDzY4yAEQqQIILCgAMAQ&usg=AFQjCNEBAon0whmCWZBQTSaSHa8KY88Y2g
Washington Post,https://www.washingtonpost.com/news/monkey-cage/wp/2017/02/19/the-prospects-of-a-quick-obamacare-repeal-are-sinking-fast/&sa=U&ved=0ahUKEwiY39WQzd7TAhVBzIMKHdtfDzY4yAEQqQIINSgAMAU&usg=AFQjCNHKmL4xmDurDDoAogo3UziKrawQ0g
Fox News,http://www.foxnews.com/politics/2017/03/27/failed-obamacare-repeal-spurs-fresh-round-gop-finger-pointing.html&sa=U&ved=0ahUKEwiY39WQzd7TAhVBzIMKHdtfDzY4yAEQqQIIPSgAMAY&usg=AFQjCNFP9kn9Hcn_lrGY3K9gtnywduBQeg
CNNMoney,http://money.cnn.com/2017/02/25/news/economy/obamacare-repeal-gop/&sa=U&ved=0ahUKEwiY39WQzd7TAhVBzIMKHdtfDzY4yAEQqQIIQCgAMAc&usg=AFQjCNESIvDstcwJcFC8VV_YA9VDpRWUCw
Reuters,http://www.reuters.com/article/us-usa-obamacare-taxes-idUSKBN16K2G6&sa=U&ved=0ahUKEwiY39WQzd7TAhVBzIMKHdtfDzY4yAEQqQIISSgAMAg&usg=AFQjCNF1cnNnPssgx4F8HnonFh2ILOpo3g
CNN,http://www.cnn.com/2017/01/03/politics/senate-obamacare-resolution/&sa=U&ved=0ahUKEwiY39WQzd7TAhVBzIMKHdtfDzY4yAEQqQIITCgAMAk&usg=AFQjCNG5s-TowmiZtw_2TvBtNHCi0sMGhw
Politico,http://www.politico.com/story/2017/03/obamacare-repeal-congressional-budget-office-keith-hall-235903&sa=U&ved=0ahUKEwj9jI-Rzd7TAhUs0oMKHUjqBrM40gEQqQIIFCgAMAA&usg=AFQjCNFua2zhs2sCTwl5J4CI6_nXVDi_sA
Reuters,http://www.reuters.com/article/us-usa-obamacare-contraception-idUSKBN14W1CD&sa=U&ved=0ahUKEwj9jI-Rzd7TAhUs0oMKHUjqBrM40gEQqQIIFygAMAE&usg=AFQjCNFKqB6WS7jZ4cpJEJKs-wCHZ4JJ0g
New York Times,https://www.nytimes.com/2017/03/11/opinion/sunday/the-moral-failing-of-obamacare-repeal.html&sa=U&ved=0ahUKEwj9jI-Rzd7TAhUs0oMKHUjqBrM40gEQqQIIGigAMAI&usg=AFQjCNF7GJlrAYuk0qUW5iYcfrYKPQwnfA
NPR,http://www.npr.org/sections/health-shots/2017/01/28/511994587/obamacare-repeal-could-threaten-provisions-that-help-older-adults&sa=U&ved=0ahUKEwj9jI-Rzd7TAhUs0oMKHUjqBrM40gEQqQIIHCgAMAM&usg=AFQjCNFiXtkAmOEjzEKkIId9Q_qJ5GMLLA
Los Angeles Times,http://www.latimes.com/business/hiltzik/la-fi-hiltzik-obamacare-repeal-20161205-story.html&sa=U&ved=0ahUKEwj9jI-Rzd7TAhUs0oMKHUjqBrM40gEQqQIIJSgAMAQ&usg=AFQjCNE-0JsiuTsCKwfcFHZuJ2vVWO7O2Q
USA TODAY,https://www.usatoday.com/story/news/politics/2017/03/01/obamacare-freedom-caucus-ryan-mcconnell-trump/98587822/&sa=U&ved=0ahUKEwj9jI-Rzd7TAhUs0oMKHUjqBrM40gEQqQIILSgAMAU&usg=AFQjCNHLkCHnz43vHWDLefoix5UUHzV7bA
Huffington Post,http://www.huffingtonpost.com/entry/obamacare-repeal-delay_us_5862a42be4b0eb586487380d&sa=U&ved=0ahUKEwj9jI-Rzd7TAhUs0oMKHUjqBrM40gEQqQIINigAMAY&usg=AFQjCNGDrCqfJM7_vjTKk5G4Du6I1MlzMQ
Business Insider,http://www.businessinsider.com/republicans-obamacare-repeal-dysfunction-conservative-2017-2&sa=U&ved=0ahUKEwj9jI-Rzd7TAhUs0oMKHUjqBrM40gEQqQIIOSgAMAc&usg=AFQjCNGXA6HhMANXq8LNYwKp_YEQgImOig
Los Angeles Times,http://www.latimes.com/local/california/la-me-ln-obamacare-preventative-care-20170106-story.html&sa=U&ved=0ahUKEwj9jI-Rzd7TAhUs0oMKHUjqBrM40gEQqQIIPigAMAg&usg=AFQjCNH_cHwujQGn5ocNhtl-OSnK18YiWQ
Fox News,http://www.foxnews.com/opinion/2017/03/23/one-more-good-reason-to-repeal-obamacare-now.html&sa=U&ved=0ahUKEwj9jI-Rzd7TAhUs0oMKHUjqBrM40gEQqQIIRigAMAk&usg=AFQjCNF9oZAhTNkcuRRdaP1FQ3HJOOecyg
Forbes,http://www.forbes.com/sites/theapothecary/2017/01/30/beware-of-false-claims-that-obamacare-repeal-will-kill-thousands-of-americans-part-i/&sa=U&ved=0ahUKEwj3-LyRzd7TAhUs1oMKHX9KDrM43AEQqQIIFCgAMAA&usg=AFQjCNGpJPqR-JOqMaqK907nycp55VGepQ
CNN,http://www.cnn.com/2017/04/03/politics/obamacare-repeal-efforts-republicans/&sa=U&ved=0ahUKEwj3-LyRzd7TAhUs1oMKHX9KDrM43AEQqQIIFygAMAE&usg=AFQjCNGdgOYx2z1LZET5RKLWLJgtUspX9w
USA TODAY,https://www.usatoday.com/story/news/politics/2017/03/12/hospitals-fear-obamacare-repeal-may-create-financial-strain/98920498/&sa=U&ved=0ahUKEwj3-LyRzd7TAhUs1oMKHX9KDrM43AEQqQIIHCgAMAI&usg=AFQjCNGKL7hErpSg5a9uUCOvtm41HdFVWg
Bloomberg,https://www.bloomberg.com/politics/articles/2016-12-29/gop-readies-swift-obamacare-repeal-with-no-replacement-in-place&sa=U&ved=0ahUKEwj3-LyRzd7TAhUs1oMKHX9KDrM43AEQqQIIHygAMAM&usg=AFQjCNFIElWfRjbnM80HdYtjKO56Pj_Djg
NPR,http://www.npr.org/sections/thetwo-way/2017/03/25/521511682/vp-pence-on-obamacare-repeal-failure-congress-just-wasnt-ready&sa=U&ved=0ahUKEwj3-LyRzd7TAhUs1oMKHX9KDrM43AEQqQIIIigAMAQ&usg=AFQjCNGzmMavHZ7h0zhaZVGUtuXu91dJlQ
Washington Examiner,http://www.washingtonexaminer.com/gop-cave-on-obamacare-repeal-is-the-biggest-broken-promise-in-political-history/article/2618413&sa=U&ved=0ahUKEwj3-LyRzd7TAhUs1oMKHX9KDrM43AEQqQIIJSgAMAU&usg=AFQjCNF1ER8HN9Z9OznrQ82_mLGmnFINkA
Fox News,http://www.foxnews.com/politics/2017/03/28/alabama-congressman-files-one-sentence-bill-to-repeal-obamacare.html&sa=U&ved=0ahUKEwj3-LyRzd7TAhUs1oMKHX9KDrM43AEQqQIIKCgAMAY&usg=AFQjCNF72Z76gh21r0pZ1Ss5EA_ON6QiWg
CNNMoney,http://money.cnn.com/2017/01/02/news/economy/repealing-obamacare-health-insurance/&sa=U&ved=0ahUKEwj3-LyRzd7TAhUs1oMKHX9KDrM43AEQqQIIKygAMAc&usg=AFQjCNH13r1zH6xjn9mqFXT-muM6IFbG7w
Fortune,http://fortune.com/2017/04/04/trump-administration-mike-pence-obamacare-repeal/&sa=U&ved=0ahUKEwj3-LyRzd7TAhUs1oMKHX9KDrM43AEQqQIILigAMAg&usg=AFQjCNEr-eQkGvmxLw6D-ofAXkTcEEXnKA
The Intercept,https://theintercept.com/2017/03/31/repeal-votes-obamacare/&sa=U&ved=0ahUKEwj3-LyRzd7TAhUs1oMKHX9KDrM43AEQqQIINygAMAk&usg=AFQjCNHvb_VKKUL0c_GPQx2p2uLf5p7Egg
The Hill,http://thehill.com/policy/healthcare/323491-power-struggle-over-obamacare-repeal&sa=U&ved=0ahUKEwj08OiRzd7TAhWjxYMKHduDDgA45gEQqQIIFCgAMAA&usg=AFQjCNEBJVG9K-5yidQmOgkqVR6H9IKZAw
Reuters,http://www.reuters.com/article/us-usa-election-obamacare-analysis-idUSKBN135171&sa=U&ved=0ahUKEwj08OiRzd7TAhWjxYMKHduDDgA45gEQqQIIFygAMAE&usg=AFQjCNGn9PWVgQN0OnUnBa6dXDgA6ObUmA
NPR,http://www.npr.org/sections/health-shots/2016/12/14/505439759/how-fast-could-gop-congress-get-obamacare-repeal-to-trump-s-desk&sa=U&ved=0ahUKEwj08OiRzd7TAhWjxYMKHduDDgA45gEQqQIIICgAMAI&usg=AFQjCNG76jaMRfsq_RFodV-qZGnICygw0w
CNN,http://www.cnn.com/2017/01/04/politics/debbie-stabenow-obamacare-affordable-care-act/&sa=U&ved=0ahUKEwj08OiRzd7TAhWjxYMKHduDDgA45gEQqQIIJSgAMAM&usg=AFQjCNELO2hkcNDi4PGeqiIBzR-DUI1DgQ
The Hill,http://thehill.com/policy/healthcare/325204-obamacare-repeal-faces-final-obstacle-before-house-vote&sa=U&ved=0ahUKEwj08OiRzd7TAhWjxYMKHduDDgA45gEQqQIIKCgAMAQ&usg=AFQjCNFDlRyiO4KhN1vpUF_gcArOiHUi2g
Barron's,http://www.barrons.com/articles/countdown-to-vote-on-obamacare-repeal-1490285781&sa=U&ved=0ahUKEwj08OiRzd7TAhWjxYMKHduDDgA45gEQqQIIKygAMAU&usg=AFQjCNG1hcskLMsFEbCPMxUFlqt53PUfMQ
Washington Post,https://www.washingtonpost.com/news/monkey-cage/wp/2017/03/24/president-trump-couldnt-pass-obamacare-repeal-this-is-why/&sa=U&ved=0ahUKEwj08OiRzd7TAhWjxYMKHduDDgA45gEQqQIILigAMAY&usg=AFQjCNHjbJIY77dtZdsDse09cOC_uD9C_Q
Politico,http://www.politico.com/story/2017/03/tennessee-gop-obamacare-repeal-push-235673&sa=U&ved=0ahUKEwj08OiRzd7TAhWjxYMKHduDDgA45gEQqQIIMSgAMAc&usg=AFQjCNGHAf8ounqaH1ubYxdQ44L9ehw1mA
CNN,http://www.cnn.com/2017/03/09/politics/cdc-obamacare-repeal/&sa=U&ved=0ahUKEwj08OiRzd7TAhWjxYMKHduDDgA45gEQqQIINCgAMAg&usg=AFQjCNG35OnzwAPd26DaoL7Cfzs2tPuJgQ
New Republic,https://newrepublic.com/article/140994/republicans-final-heinous-push-obamacare-repeal&sa=U&ved=0ahUKEwj08OiRzd7TAhWjxYMKHduDDgA45gEQqQIINygAMAk&usg=AFQjCNH1SpooYU2TWOrONQGxnF2KFAuC6g
CNN,http://www.cnn.com/2017/01/17/health/rural-hospitals-aca-repeal-partner/&sa=U&ved=0ahUKEwiQhZmSzd7TAhVH0oMKHacUBgs48AEQqQIIFCgAMAA&usg=AFQjCNEe3UjnRKHRXiTC4t0heenKIl8tMQ
The Hill,http://thehill.com/policy/healthcare/health-reform-implementation/321478-poll-over-6-in-10-oppose-obamacare-repeal&sa=U&ved=0ahUKEwiQhZmSzd7TAhVH0oMKHacUBgs48AEQqQIIFygAMAE&usg=AFQjCNGO_xQeHwZowyyq_CkvbzYDHx8u7g
CNBC,http://www.cnbc.com/2017/01/26/us-republicans-lay-out-plans-for-obamacare-repeal.html&sa=U&ved=0ahUKEwiQhZmSzd7TAhVH0oMKHacUBgs48AEQqQIIGigAMAI&usg=AFQjCNEKI06u605WKKb-NQ8VURI4T43GRg
Politico,http://www.politico.com/story/2016/11/republicans-aim-to-start-obamacare-repeal-in-january-231522&sa=U&ved=0ahUKEwiQhZmSzd7TAhVH0oMKHacUBgs48AEQqQIIHSgAMAM&usg=AFQjCNG5LECf9lqiCbW79Wb8o5agRIJOXw
CNNMoney,http://money.cnn.com/2017/01/05/news/economy/repealing-obamacare-jobs-lost/&sa=U&ved=0ahUKEwiQhZmSzd7TAhVH0oMKHacUBgs48AEQqQIIICgAMAQ&usg=AFQjCNELX4L2HNf5fCrssT1om0YiMs_dgQ
Washington Post,https://www.washingtonpost.com/news/powerpost/paloma/daily-202/2017/03/13/daily-202-with-obamacare-repeal-republicans-are-trying-to-accomplish-something-that-s-never-been-done/58c5e5fbe9b69b1406c75d60/&sa=U&ved=0ahUKEwiQhZmSzd7TAhVH0oMKHacUBgs48AEQqQIIJSgAMAU&usg=AFQjCNHYjVBN35I83zqwCDVkSnFAKSw1Uw
New York Times,https://www.nytimes.com/2016/11/22/upshot/lets-say-obamacare-is-repealed-what-then.html&sa=U&ved=0ahUKEwiQhZmSzd7TAhVH0oMKHacUBgs48AEQqQIIKCgAMAY&usg=AFQjCNEwa1sd0w51YOfKjG988EPm2dL45A
Huffington Post,http://www.huffingtonpost.com/entry/obamacare-repeal-and-delay_us_584042eee4b09e21702cfab9&sa=U&ved=0ahUKEwiQhZmSzd7TAhVH0oMKHacUBgs48AEQqQIILSgAMAc&usg=AFQjCNGqEfrNLm56sx_scUKtk7DdwpGwNA
The Hill (blog),http://thehill.com/blogs/blog-briefing-room/news/325804-dan-rather-failure-to-repeal-obamacare-most-staggering-loss-so&sa=U&ved=0ahUKEwiQhZmSzd7TAhVH0oMKHacUBgs48AEQqQIINSgAMAg&usg=AFQjCNGmBEispffCmTSZo3rOkpEIRdmkJA
Forbes,http://www.forbes.com/sites/brucejapsen/2016/12/22/partial-obamacare-repeal-could-cost-13m-children-their-coverage/&sa=U&ved=0ahUKEwiQhZmSzd7TAhVH0oMKHacUBgs48AEQqQIIOCgAMAk&usg=AFQjCNFDUrzYKk3zSlPpsazXdktCh_dSvg
Huffington Post,http://www.huffingtonpost.com/entry/obamacare-repeal-oregon-kate-brown_us_58d52104e4b03692bea4ba01&sa=U&ved=0ahUKEwiMus-Szd7TAhWIz4MKHc-jBvs4-gEQqQIIFCgAMAA&usg=AFQjCNHsG-vOzjMtIDJAue88BBf7CAImJQ
Huffington Post,http://www.huffingtonpost.com/entry/obamacare-repeal-premiums_us_58cc4cc0e4b0be71dcf4dba4&sa=U&ved=0ahUKEwiMus-Szd7TAhWIz4MKHc-jBvs4-gEQqQIIFygAMAE&usg=AFQjCNGFDr3S4QWVhsVlrWEgJzQcdYeaCQ
Business Insider,http://www.businessinsider.com/obamacare-repeal-replace-timeline-road-map-2017-2&sa=U&ved=0ahUKEwiMus-Szd7TAhWIz4MKHc-jBvs4-gEQqQIIGigAMAI&usg=AFQjCNHmaeUYJZVRRcVLGx6pciiCEjpfYw
New York Magazine,http://nymag.com/daily/intelligencer/2017/03/trumpcare-would-leave-more-uninsured-than-obamacare-repeal.html&sa=U&ved=0ahUKEwiMus-Szd7TAhWIz4MKHc-jBvs4-gEQqQIIHSgAMAM&usg=AFQjCNHwW24MpLOFOlSk7xJ-SbSaXptxQw
Washington Examiner,http://www.washingtonexaminer.com/freedom-caucuss-reasonable-demand-on-obamacare-repeal/article/2618961&sa=U&ved=0ahUKEwiMus-Szd7TAhWIz4MKHc-jBvs4-gEQqQIIICgAMAQ&usg=AFQjCNHHZy6N_U2oTA-1aD0Eqh-ABYYoOw
Huffington Post,http://www.huffingtonpost.com/entry/republican-obamacare-repeal-vote-overview_us_58d2ec22e4b0f838c62f4285&sa=U&ved=0ahUKEwiMus-Szd7TAhWIz4MKHc-jBvs4-gEQqQIIJSgAMAU&usg=AFQjCNH61fg2GbYSg2p25Y6mPP1MaNOi6A
Roll Call,http://www.rollcall.com/news/politics/demint-to-congress-repeal-obamacare-now&sa=U&ved=0ahUKEwiMus-Szd7TAhWIz4MKHc-jBvs4-gEQqQIIKCgAMAY&usg=AFQjCNGH_aB9hNL1DCZ_tYj2M0Ue-EjayA
USA TODAY,https://www.usatoday.com/story/opinion/2017/01/27/obamacare-repeal-schumer-social-media-kaiser-column/96930184/&sa=U&ved=0ahUKEwiMus-Szd7TAhWIz4MKHc-jBvs4-gEQqQIIKygAMAc&usg=AFQjCNF1Mvt-AdhUO8UR5Auva-wKauyqBQ
NBCNews.com,http://www.nbcnews.com/storyline/obamacare-deadline/obamacare-repeal-would-take-insurance-30-million-people-n693051&sa=U&ved=0ahUKEwiMus-Szd7TAhWIz4MKHc-jBvs4-gEQqQIILigAMAg&usg=AFQjCNEjII0eX4ZYqn5adjPNEGWVNaM79g
The Hill,http://thehill.com/homenews/administration/308015-trump-signals-hes-serious-on-obamacare-repeal&sa=U&ved=0ahUKEwiMus-Szd7TAhWIz4MKHc-jBvs4-gEQqQIIMSgAMAk&usg=AFQjCNEQ43x86KLU289PWOgBV5XEhrt0lw
Forbes,http://www.forbes.com/sites/theapothecary/2017/01/30/beware-of-false-claims-that-obamacare-repeal-will-kill-thousands-of-americans-part-i/&sa=U&ved=0ahUKEwjy6_WSzd7TAhVj6YMKHTgrC9Y4hAIQqQIIFCgAMAA&usg=AFQjCNGpJPqR-JOqMaqK907nycp55VGepQ
CNN,http://www.cnn.com/2017/04/03/politics/obamacare-repeal-efforts-republicans/&sa=U&ved=0ahUKEwjy6_WSzd7TAhVj6YMKHTgrC9Y4hAIQqQIIFygAMAE&usg=AFQjCNGdgOYx2z1LZET5RKLWLJgtUspX9w
USA TODAY,https://www.usatoday.com/story/news/politics/2017/03/12/hospitals-fear-obamacare-repeal-may-create-financial-strain/98920498/&sa=U&ved=0ahUKEwjy6_WSzd7TAhVj6YMKHTgrC9Y4hAIQqQIIHygAMAI&usg=AFQjCNGKL7hErpSg5a9uUCOvtm41HdFVWg
Bloomberg,https://www.bloomberg.com/politics/articles/2016-12-29/gop-readies-swift-obamacare-repeal-with-no-replacement-in-place&sa=U&ved=0ahUKEwjy6_WSzd7TAhVj6YMKHTgrC9Y4hAIQqQIIIigAMAM&usg=AFQjCNFIElWfRjbnM80HdYtjKO56Pj_Djg
NPR,http://www.npr.org/sections/thetwo-way/2017/03/25/521511682/vp-pence-on-obamacare-repeal-failure-congress-just-wasnt-ready&sa=U&ved=0ahUKEwjy6_WSzd7TAhVj6YMKHTgrC9Y4hAIQqQIIJygAMAQ&usg=AFQjCNGzmMavHZ7h0zhaZVGUtuXu91dJlQ
Washington Examiner,http://www.washingtonexaminer.com/gop-cave-on-obamacare-repeal-is-the-biggest-broken-promise-in-political-history/article/2618413&sa=U&ved=0ahUKEwjy6_WSzd7TAhVj6YMKHTgrC9Y4hAIQqQIILCgAMAU&usg=AFQjCNF1ER8HN9Z9OznrQ82_mLGmnFINkA
Fox News,http://www.foxnews.com/politics/2017/03/28/alabama-congressman-files-one-sentence-bill-to-repeal-obamacare.html&sa=U&ved=0ahUKEwjy6_WSzd7TAhVj6YMKHTgrC9Y4hAIQqQIILygAMAY&usg=AFQjCNF72Z76gh21r0pZ1Ss5EA_ON6QiWg
CNNMoney,http://money.cnn.com/2017/01/02/news/economy/repealing-obamacare-health-insurance/&sa=U&ved=0ahUKEwjy6_WSzd7TAhVj6YMKHTgrC9Y4hAIQqQIIOCgAMAc&usg=AFQjCNH13r1zH6xjn9mqFXT-muM6IFbG7w
Fortune,http://fortune.com/2017/04/04/trump-administration-mike-pence-obamacare-repeal/&sa=U&ved=0ahUKEwjy6_WSzd7TAhVj6YMKHTgrC9Y4hAIQqQIIOygAMAg&usg=AFQjCNEr-eQkGvmxLw6D-ofAXkTcEEXnKA
The Intercept,https://theintercept.com/2017/03/31/repeal-votes-obamacare/&sa=U&ved=0ahUKEwjy6_WSzd7TAhVj6YMKHTgrC9Y4hAIQqQIIRCgAMAk&usg=AFQjCNHvb_VKKUL0c_GPQx2p2uLf5p7Egg
Reuters,http://www.reuters.com/article/us-usa-obamacare-hiv-analysis-idUSKBN14P228&sa=U&ved=0ahUKEwjDs7-Tzd7TAhVDxoMKHUxgBsk4jgIQqQIIFCgAMAA&usg=AFQjCNEQ72u307njv7_dc82Q1gZf0Enm1g
WBUR,http://www.wbur.org/commonhealth/2017/02/07/obamacare-repeal-massachusetts&sa=U&ved=0ahUKEwjDs7-Tzd7TAhVDxoMKHUxgBsk4jgIQqQIIFygAMAE&usg=AFQjCNEOlAdwZetnwjvZoCnviOhrmD0Pkw
CNNMoney,http://money.cnn.com/2017/01/04/news/economy/obamacare-repeal-deficit/&sa=U&ved=0ahUKEwjDs7-Tzd7TAhVDxoMKHUxgBsk4jgIQqQIIGigAMAI&usg=AFQjCNGGpU7mzLwGTHvloiAhIwHBpjhvSw
Washington Post,https://www.washingtonpost.com/news/wonk/wp/2016/12/16/why-do-republicans-want-to-repeal-obamacare-so-much-because-it-would-be-a-big-tax-cut-for-the-rich/&sa=U&ved=0ahUKEwjDs7-Tzd7TAhVDxoMKHUxgBsk4jgIQqQIIHSgAMAM&usg=AFQjCNFjPyXVCjW_GaHjlXlOSBAKeeuZsg
National Review,http://www.nationalreview.com/corner/445791/problem-hoping-phase-three-obamacare-repeal&sa=U&ved=0ahUKEwjDs7-Tzd7TAhVDxoMKHUxgBsk4jgIQqQIIIigAMAQ&usg=AFQjCNHQ6sMfKqnrKHwDiTehE1zAyg-OJQ
CNBC,http://www.cnbc.com/2017/03/15/trumps-media-allies-urge-him-to-dump-house-obamacare-repeal-plan.html&sa=U&ved=0ahUKEwjDs7-Tzd7TAhVDxoMKHUxgBsk4jgIQqQIIJSgAMAU&usg=AFQjCNGNwEUBp0-gCW-QKxAFqmCVXq40Gg
Washington Times,http://www.washingtontimes.com/news/2017/mar/27/obamacare-repeal-by-republicans-botched/&sa=U&ved=0ahUKEwjDs7-Tzd7TAhVDxoMKHUxgBsk4jgIQqQIIKCgAMAY&usg=AFQjCNFTqmkbQAKV6d8rw1k22RBREbQAHQ
Heritage.org,http://www.heritage.org/health-care-reform/commentary/obamacare-repeal-and-replacement-the-case-moving-quickly&sa=U&ved=0ahUKEwjDs7-Tzd7TAhVDxoMKHUxgBsk4jgIQqQIIKygAMAc&usg=AFQjCNEoXk8N3te33H1424Zz0hN8bH_SmA
inewsource,http://inewsource.org/2017/02/28/doctor-helped-shape-obamacare-warns-drop-quality-care-law-scrapped/&sa=U&ved=0ahUKEwjDs7-Tzd7TAhVDxoMKHUxgBsk4jgIQqQIILigAMAg&usg=AFQjCNFKh2jG-Rku2IfcccCSUHEGZIYBQw
Fox News,http://www.foxnews.com/politics/2017/03/16/midterm-election-weighs-heavily-on-debate-over-obamacare-repeal.html&sa=U&ved=0ahUKEwjDs7-Tzd7TAhVDxoMKHUxgBsk4jgIQqQIIMSgAMAk&usg=AFQjCNF1lWWcsmWcRb_M7UcS1lnepoJ3iQ
AOL,https://www.aol.com/article/news/2017/03/09/republican-obamacare-repeal-clears-first-hurdle-despite-democratic-budget-concerns/21877089/&sa=U&ved=0ahUKEwib5uiTzd7TAhVGxoMKHdR1B8k4mAIQqQIIFCgAMAA&usg=AFQjCNEgIUEg9uB9SxEnQCh4G6UpLfbRGw
CNNMoney,http://money.cnn.com/2017/03/11/news/economy/obamacare-repeal-wealthy/&sa=U&ved=0ahUKEwib5uiTzd7TAhVGxoMKHdR1B8k4mAIQqQIIFigAMAE&usg=AFQjCNFiNfSRPMS3I-kjIFF4XofscTIwhA
Crosscut,http://crosscut.com/2016/12/what-an-obamacare-repeal-would-mean-for-washington/&sa=U&ved=0ahUKEwib5uiTzd7TAhVGxoMKHdR1B8k4mAIQqQIIGSgAMAI&usg=AFQjCNFI_D5lcK93WSgDVMVCfvnQ5yK2bA
New York Times,https://www.nytimes.com/interactive/2017/03/06/us/politics/republican-obamacare-replacement.html&sa=U&ved=0ahUKEwib5uiTzd7TAhVGxoMKHdR1B8k4mAIQqQIIHigAMAM&usg=AFQjCNFP7z8mBVSFLHCVlIQpoK-4D9zyIA
NPR,http://www.npr.org/2017/01/14/509807198/what-an-obamacare-repeal-would-mean-for-rural-hospitals&sa=U&ved=0ahUKEwib5uiTzd7TAhVGxoMKHdR1B8k4mAIQqQIIISgAMAQ&usg=AFQjCNGFnVjrNyiJCY2e4ss1UC6fwFPmoQ
CNN,http://www.cnn.com/2017/01/12/politics/transition-tracker-obamacare-vote/&sa=U&ved=0ahUKEwib5uiTzd7TAhVGxoMKHdR1B8k4mAIQqQIIIygAMAU&usg=AFQjCNHmFPxac-jjsdfsaInnByj0wmTEVQ
The Hill,http://thehill.com/homenews/senate/314317-schumer-puts-gop-on-notice-over-obamacare-repeal&sa=U&ved=0ahUKEwib5uiTzd7TAhVGxoMKHdR1B8k4mAIQqQIIJigAMAY&usg=AFQjCNE2U7_CxUOfGUA_RromoH407pc_dA
CNBC,http://www.cnbc.com/2016/12/10/health-care-industry-is-worried-by-gops-obamacare-repeal-path.html&sa=U&ved=0ahUKEwib5uiTzd7TAhVGxoMKHdR1B8k4mAIQqQIIKSgAMAc&usg=AFQjCNGprPaH0SfFobkLhzmZ7GuUB0ALxQ
CNBC,http://www.cnbc.com/2017/03/23/obamacare-repeal-could-undermine-job-creation.html&sa=U&ved=0ahUKEwib5uiTzd7TAhVGxoMKHdR1B8k4mAIQqQIILCgAMAg&usg=AFQjCNH5Q4c6YAIAJObwgcTnb0gbiGPh-A
Los Angeles Times,http://www.latimes.com/local/lanow/la-me-ln-obamacare-protest-20170323-story.html&sa=U&ved=0ahUKEwib5uiTzd7TAhVGxoMKHdR1B8k4mAIQqQIILygAMAk&usg=AFQjCNHFYhVvNaVQX3GjQuzTXl-WMxxtsA
NBCNews.com,http://www.nbcnews.com/health/health-care/americans-fear-they-ll-lose-coverage-obamacare-repeal-poll-n713356&sa=U&ved=0ahUKEwjD25iUzd7TAhUB5IMKHfFEDZI4ogIQqQIIFCgAMAA&usg=AFQjCNEFmML0sPu1PTwnqPYft_BtcKiSZw
Washington Examiner,http://www.washingtonexaminer.com/last-minute-medicaid-expansions-complicate-obamacare-repeal/article/2618878&sa=U&ved=0ahUKEwjD25iUzd7TAhUB5IMKHfFEDZI4ogIQqQIIFygAMAE&usg=AFQjCNHiF9Crj41XoJWhYHqVhA9yesILdw
Forbes,http://www.forbes.com/sites/robertlaszewski2/2016/11/28/obamacare-repeal-transition-and-replace-the-republicans-have-a-tiger-by-the-tail/&sa=U&ved=0ahUKEwjD25iUzd7TAhUB5IMKHfFEDZI4ogIQqQIIGigAMAI&usg=AFQjCNEXWTp6wJIoao2kQ5fjBNzMPigyUg
Fox News,http://www.foxnews.com/politics/2017/03/15/tea-party-allies-rally-on-capitol-hill-for-obamacare-repeal.html&sa=U&ved=0ahUKEwjD25iUzd7TAhUB5IMKHfFEDZI4ogIQqQIIHygAMAM&usg=AFQjCNF9bz-HcrE5Jjobmm6IN--gBDAAcQ
ACLU (blog),https://www.aclu.org/blog/washington-markup/obamacare-repeal-bill-catastrophically-bad-and-numbers-prove-it&sa=U&ved=0ahUKEwjD25iUzd7TAhUB5IMKHfFEDZI4ogIQqQIIIigAMAQ&usg=AFQjCNHor2rwhl2asYkt1feq4Zy1LOUStg
American Spectator,https://spectator.org/how-and-why-obamacare-repeal-will-succeed/&sa=U&ved=0ahUKEwjD25iUzd7TAhUB5IMKHfFEDZI4ogIQqQIIJSgAMAU&usg=AFQjCNHvmpI3ritWDvr1_YcyETALpfBOmw
Los Angeles Times,http://www.latimes.com/business/hiltzik/la-fi-hiltzik-gop-winners-losers-20170324-story.html&sa=U&ved=0ahUKEwjD25iUzd7TAhUB5IMKHfFEDZI4ogIQqQIIKCgAMAY&usg=AFQjCNF-8dJn8SKXA2NO-6G3FJy_PHdyCQ
CNNMoney,http://money.cnn.com/2017/03/23/news/economy/poor-obamacare-repeal/&sa=U&ved=0ahUKEwjD25iUzd7TAhUB5IMKHfFEDZI4ogIQqQIIKygAMAc&usg=AFQjCNGS_OFafLwoYaYLgXhbbf3G1qtJpA
RealClearPolitics,http://www.realclearpolitics.com/articles/2017/01/20/gop_governors_worried_about_obamacare_repeal.html&sa=U&ved=0ahUKEwjD25iUzd7TAhUB5IMKHfFEDZI4ogIQqQIILigAMAg&usg=AFQjCNGZznQ5b2uyQftkF2aQgC20Exn1sQ
Houston Chronicle,http://www.houstonchronicle.com/business/medical/article/Obamacare-repeal-and-replacement-could-come-with-10880982.php&sa=U&ved=0ahUKEwjD25iUzd7TAhUB5IMKHfFEDZI4ogIQqQIIMSgAMAk&usg=AFQjCNF50OlHC7SMtoBr_Jd6CM3UxmQB5g
The Hill,http://thehill.com/policy/healthcare/325535-cbo-releases-new-score-for-obamacare-repeal-bill&sa=U&ved=0ahUKEwixxsGUzd7TAhWk7IMKHeSnCCk4rAIQqQIIFCgAMAA&usg=AFQjCNG-ZRc5Jr36f2G1eisB-0krrdg-vA
